COUNTY,DATE,CDSD,EMXP,PRCP,CLDD,DT00,DT32,DX32,DX70,DX90,EMNT,EMXT,FZF0,FZF1,FZF2,FZF3,FZF4,FZF5,FZF6,FZF7,FZF8,FZF9,HTDD,TAVG,TMAX,TMIN,SNOW
Addison,1990,314.0,2.52,48.94,314.0,2.0,136.0,55.0,107.0,0.0,-5.0,87.0,28.0,28.0,24.0,16.0,16.0,24.0,24.0,24.0,17.0,11.0,7198.0,47.0,54.2,38.5,69.4
Addison,1991,314.0,1.9,37.15,314.0,30.0,161.0,63.0,109.0,0.0,-22.0,89.0,31.0,26.0,23.0,20.0,16.0,30.0,27.0,20.0,20.0,11.0,7941.5,42.9,53.6,32.3,57.7
Addison,1992,209.0,1.66,34.51,209.0,28.0,174.0,58.0,105.0,0.0,-19.0,87.0,26.0,26.0,24.0,19.0,15.0,31.0,26.0,24.0,15.0,15.0,7909.5,43.9,53.4,31.4,22.5
Addison,1993,264.5,1.925,39.239999999999995,264.5,42.0,192.0,70.5,105.5,4.0,-30.5,91.5,29.0,24.0,22.5,19.0,9.0,30.5,28.0,21.5,19.5,9.5,8435.5,41.25,53.1,29.4,129.95
Addison,1994,325.5,1.52,40.745,325.5,42.0,180.5,69.0,102.0,4.5,-36.0,91.0,31.0,25.5,23.0,20.0,11.0,30.5,24.5,24.0,18.5,10.0,8163.0,41.7,53.25,30.15,79.45
Addison,1995,516.0,3.025,43.025000000000006,516.0,22.0,165.0,65.0,115.0,11.5,-24.0,97.0,30.0,28.0,23.0,20.0,10.0,29.0,22.0,22.0,17.0,15.0,7716.5,45.4,55.35,32.8,119.35
Addison,1996,388.0,2.27,44.19,388.0,25.0,175.0,46.0,133.0,2.0,-32.0,91.0,32.0,26.0,24.0,18.0,12.0,32.0,27.0,23.0,19.0,16.0,7971.0,45.4,57.0,33.9,80.0
Addison,1997,375.0,1.4,30.284999999999997,375.0,12.0,170.0,52.5,120.0,9.5,-17.0,92.5,32.0,28.0,24.0,19.0,13.0,27.0,27.0,20.0,20.0,15.0,7038.0,45.6,56.3,34.3,83.2
Addison,1998,480.0,3.2,52.94,480.0,5.0,146.0,28.0,148.0,4.0,-18.0,91.0,31.0,28.0,24.0,17.0,16.0,32.0,27.0,24.0,10.0,10.0,6558.0,48.9,59.9,37.9,62.349999999999994
Addison,1999,479.0,3.89,39.480000000000004,479.0,20.0,165.0,53.0,127.0,10.5,-22.0,93.0,28.0,28.0,23.5,19.5,15.0,29.0,26.5,22.0,19.5,15.5,7322.5,45.849999999999994,57.5,34.25,71.0
Addison,2000,286.5,2.01,42.96,286.5,29.0,163.0,58.0,121.5,0.0,-21.5,88.5,32.0,22.0,22.0,19.5,13.5,30.5,28.0,21.5,18.5,6.0,7496.0,44.400000000000006,55.7,33.05,99.9
Addison,2005,617.0,2.14,43.34,617.0,32.0,157.0,68.0,115.0,6.0,-24.0,92.0,30.0,28.0,21.0,14.0,14.0,32.0,28.0,22.0,19.0,15.0,7966.0,45.4,55.9,35.0,90.5
Addison,2006,598.0,3.05,52.24,598.0,4.0,146.0,31.0,136.0,11.0,-10.0,95.0,31.0,25.0,20.0,20.0,16.0,30.0,25.0,24.0,19.0,15.0,6647.5,49.1,59.9,38.3,34.9
Addison,2007,538.5,1.54,41.26,538.5,27.0,158.5,60.0,138.5,11.5,-19.5,94.5,29.5,25.5,23.0,18.5,14.0,32.0,27.5,24.0,13.0,10.0,6991.0,45.65,56.55,34.650000000000006,132.3
Addison,2008,410.0,2.745,51.12,410.0,13.0,153.0,54.0,122.0,4.0,-13.0,93.0,32.0,27.0,23.0,17.0,11.0,32.0,27.0,23.0,10.0,10.0,6971.0,45.9,55.9,35.8,111.9
Addison,2009,380.0,2.625,42.44,380.0,18.0,157.5,49.0,140.0,8.0,-19.0,92.0,29.5,26.0,23.0,20.0,12.5,31.0,28.0,21.5,18.0,15.5,7284.0,46.2,57.9,34.75,47.0
Addison,2010,583.0,4.385,46.71,583.0,9.0,167.0,59.0,126.0,11.0,-7.0,96.0,32.0,26.0,21.0,19.0,16.0,27.0,27.0,21.0,13.0,13.0,7129.0,51.15,46.0,36.3,48.0
Addison,2011,533.0,3.92,59.19,533.0,19.0,158.0,54.0,123.0,9.0,-23.0,96.0,31.0,26.0,21.0,17.0,11.0,29.0,25.0,23.0,19.0,16.0,7550.0,55.9,35.4,36.19814814814815,46.8
Addison,2012,542.0,2.28,39.54,542.0,5.0,146.0,36.0,132.0,7.0,-7.0,97.0,27.0,24.0,24.0,16.0,15.0,31.0,26.0,23.0,18.0,7.0,6287.0,58.2,37.0,36.05555555555556,48.2
Addison,2013,399.0,2.57,43.13,399.0,17.0,166.5,62.0,111.0,3.0,-14.5,91.0,30.5,20.5,20.5,16.5,14.0,31.5,26.0,24.0,19.0,15.5,7246.0,54.6,35.25,35.912962962962965,44.95
Addison,2014,274.0,1.91,37.04,274.0,36.0,171.0,77.5,105.0,2.5,-21.0,88.5,31.5,27.0,22.0,18.0,15.5,31.5,27.5,23.5,16.5,10.5,8450.5,52.55,32.2,35.790740740740745,42.4
Addison,2015,559.0,2.185,35.495000000000005,559.0,35.0,146.0,66.0,122.0,6.0,-22.0,94.0,32.0,21.0,21.0,19.0,16.0,31.0,26.0,24.0,18.0,12.0,8720.0,56.1,34.9,35.68888888888889,45.5
Addison,2016,429.5,1.93,29.82,429.5,14.0,170.5,50.5,122.5,3.5,-22.0,91.5,31.5,26.5,24.0,19.5,10.5,31.5,26.5,21.5,19.5,11.0,7323.0,55.8,34.8,35.587037037037035,45.3
Addison,2017,313.5,1.63,51.11,313.5,20.5,160.0,64.5,115.0,3.0,-20.0,91.0,31.5,24.5,22.5,18.0,13.5,31.5,25.0,18.0,11.5,11.5,7464.0,54.6,34.25,35.50555555555556,44.400000000000006
Addison,2018,701.0,1.33,36.91,701.0,15.0,169.0,64.0,124.0,14.0,-24.0,96.0,31.0,28.0,23.0,14.0,14.0,32.0,26.0,23.0,20.0,5.0,8158.0,54.9,36.2,35.403703703703705,45.6
Addison,2019,479.0,2.84,48.21,479.0,9.5,160.5,48.0,119.5,8.0,-17.0,93.0,29.0,27.0,24.0,16.5,14.0,32.0,25.5,23.0,16.0,8.0,8584.5,50.45,46.45,35.281481481481485,52.95
Bennington,1990,257.0,3.7,55.74,257.0,4.0,152.0,32.0,113.0,2.0,-8.0,90.0,31.0,27.0,24.0,20.0,15.0,32.0,23.0,23.0,14.0,14.0,7361.0,46.0,56.7,35.2,60.3
Bennington,1991,173.0,1.78,45.96,173.0,23.0,180.0,53.0,124.0,0.0,-14.0,89.0,32.0,27.0,23.0,19.0,15.0,31.0,27.0,21.0,19.0,12.0,6709.0,43.7,55.6,31.7,55.3
Bennington,1992,81.0,2.1100000000000003,40.535,81.0,18.5,182.5,56.0,101.0,0.0,-10.0,85.0,30.5,25.5,23.5,20.0,14.5,31.5,26.0,24.0,15.0,13.5,8598.0,41.75,53.1,31.1,40.7
Bennington,1993,147.0,1.4500000000000002,45.165,147.0,38.0,190.0,63.5,104.5,0.5,-27.0,89.5,27.0,27.0,24.0,17.0,16.0,32.0,25.0,23.0,16.0,16.0,8343.5,41.2,53.05,29.4,92.7
Bennington,1994,202.0,1.915,49.04,202.0,40.0,190.0,63.0,95.0,1.0,-35.0,90.5,30.0,25.0,23.0,19.0,14.0,30.0,27.0,22.0,20.0,16.0,8926.0,41.4,53.7,29.4,85.55
Bennington,1995,165.0,3.5,44.56,165.0,32.333333333333336,194.0,61.0,114.0,4.0,-28.666666666666664,96.0,29.333333333333332,26.0,23.0,18.666666666666668,14.333333333333334,29.333333333333332,27.333333333333332,22.666666666666668,20.0,16.0,8549.588235294117,41.233333333333334,54.4,29.3,74.3
Bennington,1996,115.66666666666666,2.24,53.17,115.66666666666666,22.111111111111114,199.33333333333334,65.5,106.5,2.0,-20.22222222222222,92.0,28.444444444444443,27.333333333333332,23.0,18.22222222222222,14.777777777777779,28.444444444444443,27.77777777777778,23.555555555555557,20.0,16.0,8047.705882352941,41.01111111111111,53.5,29.166666666666668,90.9
Bennington,1997,91.0,1.5350000000000001,46.995000000000005,91.0,17.0,202.0,67.0,96.0,0.0,-16.0,87.5,28.0,28.0,23.0,18.0,15.0,28.0,28.0,24.0,20.0,16.0,7608.558823529412,40.9,52.3,29.1,102.6
Bennington,1998,237.50000000000003,2.23,45.87,237.50000000000003,13.0,178.0,54.5,114.0,3.5,-14.5,89.25,27.5,27.5,23.0,19.0,14.0,30.0,27.0,24.0,19.5,16.0,7232.14705882353,44.0,55.4,32.6,33.75
Bennington,1999,384.0,3.3,39.235,384.0,9.0,154.0,44.5,129.0,5.0,-13.0,90.5,27.0,27.0,23.0,20.0,13.0,32.0,26.0,24.0,19.0,16.0,6981.2058823529405,47.1,58.35,36.1,52.4
Bennington,2000,395.5,2.07,29.97,395.5,17.0,160.0,53.0,125.0,2.0,-18.5,90.0,27.5,27.5,21.0,19.5,12.5,32.0,26.0,24.0,18.5,15.5,6793.0,45.95,57.2,34.7,69.4
Bennington,2005,485.0,3.125,47.595,485.0,20.5,160.5,55.5,130.5,3.0,-22.0,91.0,29.5,28.0,21.5,19.5,12.5,30.5,26.5,23.5,17.5,15.0,7490.5,45.95,57.0,34.849999999999994,86.4
Bennington,2006,336.5,2.38,49.4,336.5,3.5,151.5,38.0,107.0,3.0,-5.5,91.0,32.0,27.5,22.0,17.0,14.0,31.0,25.0,23.5,16.5,11.0,6676.5,47.5,56.6,37.45,51.05
Bennington,2007,250.5,1.7799999999999998,47.715,250.5,18.0,167.5,62.0,123.5,1.5,-10.5,91.0,30.5,25.0,23.5,18.5,12.0,31.5,23.5,21.0,10.0,2.5,7210.0,44.599999999999994,55.45,33.8,111.3
Bennington,2008,252.5,2.55,53.335,252.5,7.0,160.0,48.0,114.5,1.5,-10.5,91.5,30.5,24.5,21.5,19.0,14.5,32.0,24.0,23.5,14.5,11.0,7261.0,45.35,56.1,34.6,76.5
Bennington,2009,196.0,2.235,43.620000000000005,196.0,18.0,164.5,56.5,120.5,0.0,-12.0,88.5,32.0,26.5,23.0,19.5,14.0,30.5,27.0,20.0,16.5,14.5,7491.5,44.8,55.65,33.95,78.4
Bennington,2010,460.0,2.67,42.595,460.0,7.5,158.0,51.5,135.5,8.0,-11.5,92.5,32.0,25.5,23.5,15.5,13.0,31.5,26.5,19.0,13.0,13.0,6850.0,52.4,47.35,37.2,47.3
Bennington,2011,419.5,3.2750000000000004,54.2,419.5,13.0,148.0,50.5,127.5,6.0,-19.0,95.0,26.0,25.0,23.0,17.0,14.0,29.5,25.5,21.5,20.0,14.0,7192.5,57.75,35.95,200.0,46.849999999999994
Bennington,2012,535.5,2.395,35.525,535.5,4.0,141.5,27.0,136.5,9.5,-5.0,95.5,25.0,22.0,22.0,17.5,9.0,27.0,26.0,23.0,14.0,10.0,6268.0,59.8,38.45,110.0,49.099999999999994
Bennington,2013,487.0,2.58,44.82,487.0,8.0,154.0,47.0,127.0,4.0,-14.0,92.0,32.0,25.0,19.0,19.0,14.0,28.0,27.0,23.0,13.0,13.0,6987.5,57.2,36.1,110.0,46.7
Bennington,2014,290.0,1.69,36.99,290.0,18.0,151.0,59.0,128.0,0.0,-17.0,89.0,30.0,25.0,20.0,19.0,15.0,32.0,26.0,22.0,14.0,14.0,7344.0,55.9,35.0,140.0,45.5
Bennington,2015,423.0,2.61,39.495,423.0,30.0,146.0,60.0,142.0,3.0,-19.0,91.0,32.0,22.0,22.0,17.0,14.5,31.0,25.0,21.0,7.0,7.0,7590.0,57.9,34.8,130.0,46.3
Bennington,2016,456.0,1.15,32.66,456.0,5.0,154.0,33.0,136.0,4.0,-17.0,92.0,32.0,27.0,23.0,19.0,14.0,28.0,27.0,23.0,12.0,12.0,6166.0,59.5,36.9,150.0,48.3
Bennington,2017,377.0,3.47,41.93,377.0,7.0,137.0,45.0,137.0,3.0,-11.0,90.0,27.0,27.0,23.0,19.0,14.0,29.0,24.0,20.0,7.0,7.0,6547.0,58.2,37.5,190.0,47.8
Bennington,2018,615.0,2.21,54.935,615.0,12.5,164.5,40.0,136.0,12.0,-20.5,94.0,31.5,26.0,20.5,18.5,11.0,29.0,26.5,21.5,16.5,10.5,6853.0,57.6,35.6,190.0,47.6
Bennington,2019,549.5,2.645,53.34,549.5,10.0,155.5,40.0,136.0,9.5,-18.5,93.0,31.0,26.0,20.5,18.0,14.0,28.5,27.0,19.5,18.0,10.0,7339.0,52.3,48.05,130.0,71.65
Caledonia,1990,326.5,2.6,51.15,326.5,21.0,171.0,46.5,119.5,4.0,-16.0,91.0,30.5,26.5,23.0,19.0,14.0,31.5,28.0,21.0,18.5,14.0,8608.0,44.05,55.75,32.35,95.7
Caledonia,1991,307.0,1.75,40.15,307.0,37.5,182.0,74.0,116.0,3.0,-21.0,94.0,31.0,25.0,23.5,18.0,13.0,32.0,27.5,22.5,16.5,12.5,7856.0,43.25,53.3,30.849999999999998,76.4
Caledonia,1992,274.0,1.64,33.61,274.0,33.0,175.0,67.0,109.5,2.0,-20.0,90.5,29.0,27.0,24.0,16.0,16.0,30.0,26.0,17.0,17.0,16.0,7920.0,43.6,52.55,32.1,79.4
Caledonia,1993,314.0,1.37,33.225,314.0,46.0,195.0,70.0,113.5,5.0,-34.0,93.0,29.5,25.0,22.5,19.0,11.0,30.0,28.0,22.5,19.5,11.0,8811.5,41.6,54.2,29.0,102.2
Caledonia,1994,367.5,1.6600000000000001,39.849999999999994,367.5,52.0,189.5,73.0,118.5,7.0,-33.5,95.5,30.0,26.0,21.5,18.5,14.0,30.5,27.5,22.5,17.5,15.0,8941.0,41.4,54.0,28.8,97.35
Caledonia,1995,348.5,3.295,38.36,348.5,32.5,181.5,71.0,113.0,13.0,-19.0,96.0,31.5,27.0,24.0,14.0,6.0,31.0,26.5,21.0,18.5,12.5,8000.5,42.45,54.65,30.25,93.35
Caledonia,1996,233.5,2.55,48.68,233.5,32.0,190.0,74.0,98.0,0.0,-26.5,89.0,27.0,23.5,22.0,16.0,12.5,30.5,27.5,21.0,18.5,13.0,8673.5,42.349999999999994,51.9,30.950000000000003,100.2
Caledonia,1997,183.0,2.705,42.265,183.0,36.5,197.0,71.5,111.0,0.5,-31.5,89.5,31.5,27.0,24.0,19.0,15.5,30.5,27.0,23.0,19.0,15.5,8554.0,41.0,53.15,28.85,125.3
Caledonia,1998,255.5,3.405,46.67,255.5,21.5,165.0,39.0,125.0,0.5,-22.5,89.5,31.0,26.5,23.0,20.0,15.5,31.5,27.5,22.0,13.5,2.5,7883.5,45.0,56.099999999999994,33.95,62.8
Caledonia,1999,471.5,4.35,34.92,471.5,23.0,167.5,51.0,130.5,7.5,-23.0,92.0,32.0,26.0,23.0,18.0,13.0,30.0,27.0,23.5,19.5,12.5,7857.0,45.95,57.0,34.8,73.1
Caledonia,2000,164.0,2.5300000000000002,45.25,164.0,47.0,183.0,74.0,89.0,0.0,-29.5,87.0,27.5,24.0,22.5,19.5,7.5,25.5,24.5,20.0,19.5,11.5,7553.5,41.0,51.1,29.0,137.2
Caledonia,2005,408.0,2.14,47.39,408.0,40.5,174.0,72.5,115.0,3.0,-25.5,92.0,30.0,25.0,23.5,17.0,15.5,29.0,27.0,23.0,19.0,11.0,8440.0,42.85,54.349999999999994,31.35,97.94999999999999
Caledonia,2006,411.5,2.255,46.765,411.5,9.0,150.5,43.0,114.0,5.0,-5.5,92.5,32.0,26.5,22.5,19.0,12.5,30.0,25.5,22.5,14.5,8.0,7145.0,47.0,56.6,37.349999999999994,57.900000000000006
Caledonia,2007,356.0,2.08,43.72,356.0,26.0,170.5,69.5,124.0,5.0,-23.0,91.5,30.5,26.0,22.0,18.0,14.5,31.5,27.5,19.0,7.0,-5.0,7657.5,43.95,54.599999999999994,33.3,140.9
Caledonia,2008,281.0,2.1,50.64,281.0,20.0,172.0,65.0,117.5,3.0,-20.0,93.0,32.0,26.0,23.0,15.0,13.0,29.0,26.0,24.0,18.0,6.0,7558.0,44.45,54.75,33.6,156.25
Caledonia,2009,167.5,1.72,44.745000000000005,167.5,33.0,180.0,74.0,91.0,0.5,-29.5,89.5,30.5,26.0,22.0,18.5,13.5,31.0,26.5,23.5,18.0,14.0,7999.0,41.45,51.75,31.35,114.8
Caledonia,2010,278.0,3.3600000000000003,45.05,278.0,14.0,181.0,76.0,98.0,3.0,-17.0,91.0,29.0,28.0,24.0,17.0,15.0,29.0,27.0,21.0,11.0,11.0,7813.5,47.85,42.95,33.7,47.1
Caledonia,2011,196.0,4.74,57.965,196.0,29.0,169.0,80.0,107.0,1.0,-26.0,90.0,29.0,28.0,23.0,18.0,15.0,31.0,26.0,23.0,20.0,14.0,9020.0,52.0,32.6,34.035106382978725,42.3
Caledonia,2012,304.5,2.0199999999999996,38.335,304.5,13.0,158.5,60.5,120.0,1.0,-15.5,89.5,30.0,24.0,22.5,15.5,14.5,32.0,26.0,23.0,19.0,14.0,7745.0,54.85,35.2,34.56170212765958,45.0
Caledonia,2013,252.0,2.13,50.61,252.0,37.0,184.0,87.0,102.0,0.0,-22.0,89.0,32.0,25.0,19.0,19.0,14.0,29.0,27.0,22.0,19.0,16.0,8090.5,50.8,31.7,35.0404255319149,41.2
Caledonia,2014,204.5,1.775,42.835,204.5,41.0,165.5,85.5,101.5,0.5,-21.0,90.0,29.5,27.0,21.0,18.5,14.5,31.0,27.5,22.5,15.5,14.5,8928.0,51.35,31.799999999999997,35.47127659574468,41.6
Caledonia,2015,312.5,2.41,44.004999999999995,312.5,48.0,161.5,78.5,119.5,0.5,-26.5,88.5,30.5,22.5,20.0,18.0,14.5,32.0,26.0,22.5,19.5,13.5,9535.0,52.8,31.75,35.90212765957447,42.25
Caledonia,2016,344.0,2.275,45.09,344.0,22.5,173.0,62.0,116.0,1.5,-22.0,88.5,30.0,27.5,23.5,19.0,14.0,30.5,25.0,23.0,17.0,10.0,7534.5,54.35,34.45,36.42872340425532,44.400000000000006
Caledonia,2017,313.0,2.2,47.415,313.0,22.0,152.0,62.0,120.0,5.0,-20.0,91.0,31.0,22.0,20.0,20.0,14.0,31.0,26.0,23.0,8.0,8.0,7864.0,54.8,34.8,36.95531914893617,44.8
Caledonia,2018,529.0,2.05,44.239999999999995,529.0,21.0,174.0,56.0,128.5,9.5,-27.5,93.0,32.0,26.5,21.5,16.5,14.5,31.5,26.0,23.0,19.0,12.5,7843.0,55.05,34.849999999999994,37.43404255319149,44.95
Caledonia,2019,291.0,2.81,47.81,291.0,29.0,170.0,73.0,99.0,2.0,-17.0,92.0,29.0,28.0,23.0,15.0,14.0,29.0,28.0,22.0,17.0,13.0,8210.0,53.0,32.4,37.91276595744681,42.7
Chittenden,1990,436.0,2.4299999999999997,44.445,436.0,9.0,147.5,38.5,120.0,2.0,-10.0,90.0,29.5,25.5,22.0,20.0,14.0,32.0,25.5,23.5,15.5,11.5,7878.0,46.8,56.45,37.150000000000006,66.15
Chittenden,1991,487.5,1.715,35.61,487.5,19.0,149.5,51.5,132.0,8.5,-13.5,96.0,30.5,27.5,24.0,14.5,13.0,31.5,26.0,19.0,14.5,14.5,6983.5,46.2,56.4,36.0,43.2
Chittenden,1992,326.5,2.1799999999999997,35.06,326.5,31.0,164.5,53.0,110.0,3.5,-20.0,90.5,29.5,28.0,20.5,19.5,16.0,28.5,26.5,22.0,18.0,15.5,8087.0,43.5,53.5,33.5,71.7
Chittenden,1993,498.5,1.42,37.9,498.5,37.0,157.5,67.5,110.5,6.5,-31.0,93.0,31.0,28.0,24.0,19.0,6.5,31.5,28.0,22.5,15.5,13.0,8126.5,43.900000000000006,54.05,33.8,124.2
Chittenden,1994,512.0,1.41,37.265,512.0,38.5,155.0,62.5,114.5,6.0,-30.0,96.0,31.0,28.0,23.5,17.5,12.0,30.5,25.5,23.0,8.5,8.5,8366.5,44.2,54.25,34.1,99.7
Chittenden,1995,586.5,1.995,35.175,586.5,20.5,151.5,68.5,120.0,13.5,-15.0,100.0,31.5,20.5,17.5,17.5,14.5,30.0,27.0,23.0,18.5,8.5,7222.0,45.8,55.95,35.650000000000006,110.35
Chittenden,1996,354.5,1.77,44.33,354.5,23.0,162.0,63.0,116.5,0.5,-25.5,89.5,26.0,26.0,20.5,16.0,12.5,30.5,27.0,22.5,17.0,15.0,7998.0,44.55,53.95,35.150000000000006,76.85
Chittenden,1997,294.0,1.3199999999999998,32.17,294.0,20.0,172.0,63.5,111.0,4.0,-18.5,91.0,31.5,28.0,23.0,20.0,15.0,27.5,27.5,19.5,19.0,15.0,7773.5,43.599999999999994,53.95,33.2,106.55
Chittenden,1998,435.0,3.01,50.629999999999995,435.0,9.0,135.0,37.0,129.5,0.5,-15.5,89.5,31.5,26.5,19.0,19.0,13.0,28.5,25.0,17.5,13.0,13.0,7154.0,48.0,57.349999999999994,38.65,64.1
Chittenden,1999,710.5,2.735,34.269999999999996,710.5,18.5,149.5,56.0,128.5,17.5,-25.0,96.5,31.0,28.0,23.0,19.0,14.0,29.5,28.0,23.5,19.0,6.0,6992.0,47.4,57.6,37.2,67.3
Chittenden,2000,317.0,1.9849999999999999,41.709999999999994,317.0,24.5,147.0,62.5,103.5,0.0,-14.5,89.0,28.5,27.5,21.0,17.5,6.0,32.0,26.5,19.5,17.5,13.5,7254.0,44.55,54.0,35.1,111.94999999999999
Chittenden,2005,710.0,2.1,41.92,710.0,24.0,147.0,63.0,124.0,10.0,-19.0,95.0,30.0,28.0,24.0,19.0,12.0,27.0,27.0,22.0,17.0,16.0,7750.0,46.4,56.5,36.4,89.30000000000001
Chittenden,2006,449.0,2.05,49.365,449.0,5.0,136.0,40.0,120.0,6.0,-7.0,94.0,31.0,26.0,23.0,16.0,15.0,32.0,25.0,23.0,17.0,13.0,6791.0,47.6,56.8,38.6,54.95
Chittenden,2007,487.0,2.085,41.66,487.0,27.0,150.0,63.0,131.0,11.0,-18.0,96.0,31.0,27.0,22.0,20.0,9.0,32.0,28.0,23.0,-2.0,-3.0,7336.0,45.2,55.1,35.2,137.6
Chittenden,2008,425.5,1.6,43.89,425.5,14.0,154.0,58.5,120.0,3.5,-12.0,93.5,32.0,27.0,24.0,20.0,14.0,32.0,26.0,24.0,9.0,9.0,7132.0,45.900000000000006,55.7,35.75,115.4
Chittenden,2009,384.0,1.9,42.11,384.0,22.0,152.0,61.5,112.0,3.0,-20.5,90.5,29.5,27.0,23.5,19.0,12.5,32.0,28.0,23.5,17.0,14.0,7672.0,45.25,54.95,35.35,65.1
Chittenden,2010,627.5,2.675,47.735,627.5,11.5,148.0,57.5,119.5,13.5,-9.5,96.5,31.0,27.5,23.0,17.0,14.0,30.5,28.0,18.5,11.0,11.0,6831.0,50.85,46.45,38.4,48.0
Chittenden,2011,602.0,3.38,57.02,602.0,12.0,136.0,52.0,127.0,9.0,-25.0,97.0,30.0,26.0,23.0,19.0,11.0,27.0,27.0,22.0,16.0,15.0,7455.0,57.0,37.9,330.0,47.6
Chittenden,2012,715.0,2.92,43.09,715.0,5.0,131.0,32.0,139.0,13.0,-9.0,97.0,26.0,26.0,24.0,19.0,6.0,27.0,27.0,23.0,4.0,4.0,6068.0,59.1,39.4,320.0,49.2
Chittenden,2013,596.0,2.42,49.91,596.0,14.0,151.0,57.0,131.0,10.0,-12.0,96.0,30.0,24.0,22.0,18.0,14.0,32.0,26.0,22.0,18.0,9.0,6863.0,56.2,36.9,190.0,46.6
Chittenden,2014,560.0,2.11,43.35,560.0,18.0,141.0,67.0,129.0,3.0,-15.0,92.0,32.0,27.0,21.0,18.0,12.0,29.0,27.0,21.0,6.0,6.0,7663.0,55.3,37.5,190.0,46.4
Chittenden,2015,742.0,2.06,47.185,742.0,32.0,138.0,64.5,136.5,8.5,-19.0,95.0,30.0,26.5,22.0,19.5,15.0,30.0,25.5,22.0,15.5,13.5,7539.5,56.9,36.45,320.0,46.650000000000006
Chittenden,2016,784.5,1.635,37.44,784.5,6.5,139.5,38.0,133.5,15.0,-14.5,96.0,32.0,27.5,21.5,17.0,14.5,30.0,26.0,23.0,17.5,12.5,6277.0,58.35,39.15,350.0,48.8
Chittenden,2017,602.5,2.4000000000000004,49.980000000000004,602.5,8.0,127.0,51.0,136.0,9.0,-10.5,95.0,31.5,26.0,22.5,19.5,15.5,32.0,27.5,15.0,15.0,8.5,6420.5,57.45,39.25,120.0,48.349999999999994
Chittenden,2018,896.0,2.12,46.0,896.0,12.0,151.5,52.5,129.5,17.5,-21.0,97.5,31.0,27.0,23.5,15.0,14.0,30.0,25.5,23.0,14.5,8.5,6768.0,56.8,38.3,330.0,47.55
Chittenden,2019,527.0,3.68,55.2,527.0,20.0,149.0,54.0,118.0,12.0,-15.0,95.0,31.0,24.0,24.0,18.0,13.0,32.0,25.0,18.0,18.0,16.0,7427.5,55.8,35.6,200.0142857142857,45.7
Coos,1991,316.0,2.58,43.790000000000006,316.0,39.5,176.0,68.0,108.0,6.0,-20.5,91.5,29.0,25.5,24.0,19.0,12.5,32.0,26.0,20.0,16.5,15.5,8097.666666666667,47.2,43.1,70.02857142857141,57.4
Coos,1992,105.0,1.48,32.38,105.0,59.0,203.0,82.0,98.0,0.0,-26.0,88.0,27.0,27.0,24.0,20.0,12.0,32.0,27.0,22.0,15.0,15.0,8776.333333333334,38.6,50.6,26.7,60.9
Coos,1993,177.0,1.1,35.8,177.0,50.5,199.0,75.0,105.0,2.0,-26.0,91.0,28.0,27.0,24.0,12.0,8.0,32.0,27.5,21.0,17.5,15.0,9455.0,39.55,52.1,27.5,107.1
Coos,1995,249.0,2.42,36.47,249.0,42.0,195.0,79.0,99.0,8.0,-26.0,95.0,29.0,27.0,24.0,4.0,4.0,32.0,28.0,20.0,20.0,15.0,9465.0,40.5,52.6,28.3,89.1
Coos,1996,221.75,1.56,45.53,221.75,42.75,192.75,79.0,102.25,6.75,-25.75,94.0,29.5,27.0,23.0,8.0,7.0,30.75,27.75,19.75,19.75,14.5,9475.0,40.45,52.575,28.25,97.3
Essex,1990,180.875,1.81,47.415,180.875,43.875,189.375,79.0,107.125,4.875,-25.375,92.5,30.25,27.0,21.5,14.0,11.5,28.875,27.375,19.375,19.375,13.75,9457.5,40.375,52.537499999999994,28.175000000000004,100.5
Essex,1991,140.0,1.92,39.92,140.0,45.0,186.0,79.0,112.0,3.0,-25.0,91.0,31.0,27.0,20.0,20.0,16.0,27.0,27.0,19.0,19.0,13.0,9428.333333333334,40.3,52.5,28.1,96.7
Essex,1992,86.0,1.665,33.46,86.0,57.0,200.0,86.0,93.0,0.0,-27.0,87.0,31.0,25.0,23.0,20.0,13.0,32.0,28.0,22.0,9.0,9.0,9405.0,37.7,49.7,25.7,100.55
Essex,1993,133.0,1.1,36.4,133.0,59.5,194.0,85.0,86.0,2.0,-32.0,89.0,31.5,23.0,22.0,17.5,14.0,32.0,28.0,20.0,13.5,12.0,9566.0,38.0,49.7,26.299999999999997,151.45
Essex,1994,180.0,1.66,43.715,180.0,62.0,188.0,84.0,79.0,4.0,-37.0,91.0,32.0,21.0,21.0,15.0,15.0,32.0,28.0,18.0,18.0,15.0,9527.833333333332,38.3,49.7,26.9,127.0
Essex,1995,171.34615384615384,1.58,35.86,171.34615384615384,60.5,187.0769230769231,83.53846153846155,78.76923076923077,3.5384615384615383,-36.19230769230769,90.1923076923077,32.0,21.23076923076923,21.23076923076923,15.23076923076923,14.884615384615385,32.0,28.0,18.692307692307693,17.884615384615387,14.653846153846153,9476.944444444445,38.45,49.676923076923075,27.234615384615385,119.55000000000001
Essex,1996,159.80769230769232,1.75,43.96,159.80769230769232,58.5,185.84615384615387,82.92307692307693,78.46153846153845,2.923076923076923,-35.11538461538461,89.11538461538461,32.0,21.53846153846154,21.53846153846154,15.538461538461538,14.73076923076923,32.0,28.0,19.615384615384613,17.730769230769234,14.192307692307693,9426.055555555555,38.65,49.64615384615385,27.68076923076923,121.75
Essex,1997,148.26923076923077,1.92,41.93,148.26923076923077,56.5,184.61538461538464,82.30769230769232,78.15384615384616,2.3076923076923075,-34.03846153846153,88.03846153846155,32.0,21.846153846153847,21.846153846153847,15.846153846153847,14.576923076923077,32.0,28.0,20.53846153846154,17.57692307692308,13.73076923076923,9375.166666666668,38.849999999999994,49.61538461538461,28.126923076923077,157.9
Essex,1998,133.84615384615384,2.29,36.56,133.84615384615384,54.0,183.07692307692307,81.53846153846153,77.76923076923077,1.5384615384615383,-32.69230769230769,86.6923076923077,32.0,22.23076923076923,22.23076923076923,16.23076923076923,14.384615384615385,32.0,28.0,21.692307692307693,17.384615384615383,13.153846153846153,9311.555555555555,39.1,49.57692307692308,28.684615384615384,57.0
Essex,1999,116.53846153846155,3.1799999999999997,36.39,116.53846153846155,51.0,181.23076923076923,80.61538461538461,77.3076923076923,0.615384615384615,-31.076923076923077,85.07692307692308,32.0,22.692307692307693,22.692307692307693,16.692307692307693,14.153846153846153,32.0,28.0,23.076923076923077,17.153846153846153,12.461538461538462,9235.222222222223,39.4,49.53076923076923,29.353846153846153,57.0
Essex,2000,105.0,1.92,40.12,105.0,49.0,180.0,80.0,77.0,0.0,-30.0,84.0,32.0,23.0,23.0,17.0,14.0,32.0,28.0,24.0,17.0,12.0,9158.888888888889,39.6,49.5,29.8,103.0
Essex,2005,314.5,2.48,46.39,314.5,43.0,175.5,78.0,108.5,2.0,-27.5,91.0,31.5,26.5,23.0,19.0,11.0,31.5,27.5,20.0,18.0,10.0,9108.0,41.85,52.75,31.0,106.3
Essex,2006,240.5,2.385,42.525000000000006,240.5,18.0,167.5,59.5,92.5,1.5,-15.5,90.5,29.5,27.5,24.0,19.5,15.0,30.0,26.0,21.5,18.5,10.5,8065.5,43.5,53.150000000000006,33.8,66.45
Essex,2007,179.0,1.69,45.84,179.0,45.5,181.0,92.0,103.5,1.0,-28.0,89.5,30.0,27.5,23.5,18.0,14.5,31.5,27.5,23.5,17.0,12.0,8717.0,40.0,50.8,29.15,134.2
Essex,2008,162.0,1.99,52.3,162.0,41.0,192.0,74.0,108.0,2.0,-28.0,92.0,31.0,28.0,23.0,19.0,12.0,32.0,25.0,22.0,19.0,12.0,8574.5,41.1,53.0,30.3,103.2
Essex,2009,152.0,2.21,44.74,152.0,41.0,187.0,75.0,96.0,1.0,-35.0,90.0,29.0,27.0,20.0,19.0,15.0,29.0,26.0,23.0,20.0,12.0,9106.0,40.3,52.0,29.2,83.5
Essex,2010,283.0,3.3,45.37,283.0,18.0,178.0,70.0,108.0,5.0,-17.0,93.0,31.0,28.0,24.0,19.0,11.0,27.0,26.0,24.0,18.0,7.0,8157.0,47.9,43.25,33.3,53.15
Essex,2011,217.0,3.59,49.8,217.0,36.0,177.0,67.0,118.0,2.0,-26.0,90.0,29.0,24.0,21.0,18.0,13.0,32.0,28.0,20.0,19.0,15.0,8841.0,53.8,31.5,33.42790697674418,42.8
Essex,2012,254.0,2.4,42.73,254.0,22.5,167.0,59.5,122.0,2.5,-19.0,90.0,30.5,25.0,23.0,17.0,13.0,30.5,27.5,24.0,17.0,14.5,7607.0,54.85,33.25,33.658139534883716,44.1
Essex,2013,271.0,1.64,47.08,271.0,32.0,191.0,77.0,104.0,0.0,-27.0,89.0,32.0,27.0,23.0,16.0,15.0,31.0,25.0,23.0,20.0,15.0,8310.5,51.5,30.6,33.88837209302326,41.7
Essex,2014,169.0,2.635,47.81,169.0,47.0,173.0,87.0,99.0,0.0,-26.0,87.0,32.0,27.0,24.0,16.0,15.0,29.0,26.0,19.0,19.0,9.0,9484.0,50.7,29.6,34.093023255813954,40.4
Essex,2015,151.0,2.2199999999999998,45.185,151.0,50.0,186.0,89.5,98.5,0.0,-30.0,86.0,30.0,28.0,20.0,20.0,15.0,30.0,28.0,20.0,19.0,13.0,9404.0,50.0,29.0,34.32325581395349,39.05
Essex,2016,220.5,1.915,39.17,220.5,29.5,190.5,80.0,106.0,0.0,-25.5,86.5,30.5,27.0,22.5,18.0,11.5,31.0,27.5,19.5,16.0,14.5,8454.5,52.0,31.15,34.527906976744184,41.6
Essex,2017,163.0,2.04,47.63,163.0,36.5,172.5,78.0,109.0,1.5,-26.0,90.0,30.5,26.5,18.5,17.0,14.5,29.5,25.0,23.0,18.0,8.0,8538.5,52.3,30.3,34.73255813953488,41.25
Essex,2018,316.0,1.8,44.98,316.0,37.5,196.5,82.0,108.0,4.0,-30.5,92.0,30.0,27.0,23.0,13.5,10.5,31.5,26.5,21.0,19.5,16.0,8956.0,51.5,30.0,35.013953488372096,40.65
Essex,2019,190.0,2.74,51.08,190.0,51.0,192.0,87.0,87.0,1.0,-24.0,90.0,32.0,28.0,24.0,19.0,8.0,31.0,25.0,23.0,17.0,13.0,9542.5,50.6,28.8,35.32093023255814,39.8
Franklin,1990,373.0,1.57,45.31,373.0,15.0,157.0,36.0,127.0,0.0,-14.0,89.0,32.0,27.0,18.0,18.0,14.0,32.0,28.0,18.0,18.0,10.0,7910.0,46.7,57.9,35.5,70.1
Franklin,1991,442.5,2.3449999999999998,35.28,442.5,22.5,155.5,54.5,130.0,5.5,-17.5,93.0,31.0,26.5,22.5,19.0,12.0,32.0,27.0,20.0,16.0,13.5,7133.0,45.8,56.3,35.3,59.05
Franklin,1992,219.0,1.95,36.13,219.0,45.0,178.0,53.0,125.0,0.0,-25.0,89.0,28.0,28.0,24.0,15.0,15.0,30.0,28.0,23.0,17.0,15.0,8278.0,42.6,54.5,30.8,69.5
Franklin,1993,389.0,1.4249999999999998,38.225,389.0,39.0,162.5,70.5,110.0,1.5,-33.5,90.5,29.0,27.0,23.5,18.5,7.0,30.0,26.5,23.5,16.0,14.5,8284.0,43.1,53.35,32.85,113.9
Franklin,1994,450.5,1.5,34.28,450.5,42.5,153.5,69.5,114.5,4.5,-34.5,94.0,30.5,25.5,23.0,18.5,15.5,28.5,26.5,17.0,7.5,7.5,8578.0,43.65,53.75,33.45,105.7
Franklin,1995,502.0,2.025,38.275,502.0,24.5,152.5,75.5,117.5,6.5,-19.5,94.0,30.5,21.5,16.5,16.5,10.5,29.0,25.5,23.0,18.5,13.5,7315.5,45.1,55.150000000000006,35.05,113.6
Franklin,1996,347.0,2.07,43.8,347.0,26.5,156.0,57.5,120.0,0.0,-25.5,88.0,29.5,26.0,20.5,18.5,10.0,31.0,27.5,23.5,19.0,14.5,8012.5,44.8,54.35,35.25,61.9
Franklin,1997,229.0,2.57,37.14,229.0,26.0,179.0,62.0,122.0,0.0,-31.0,88.0,30.0,28.0,23.0,19.0,15.0,30.0,23.0,23.0,19.0,15.0,7744.0,43.2,54.2,32.2,103.2
Franklin,1998,406.0,2.5149999999999997,43.535,406.0,12.5,133.5,38.5,130.0,0.0,-19.5,88.0,31.5,22.0,21.0,17.0,15.5,30.0,25.0,21.5,18.0,9.5,7121.5,47.599999999999994,56.75,38.45,61.2
Franklin,1999,578.0,3.24,32.870000000000005,578.0,18.5,143.5,57.0,125.5,5.5,-28.0,91.5,30.5,26.5,22.0,20.0,14.0,29.0,28.0,22.5,18.0,14.5,6929.0,46.849999999999994,56.9,36.849999999999994,64.4
Franklin,2000,266.5,1.42,38.65,266.5,32.0,145.0,65.0,102.5,0.0,-20.0,87.0,28.5,19.5,18.5,15.5,7.5,30.5,27.5,21.0,16.0,12.5,7007.0,44.0,53.75,34.15,113.5
Franklin,2006,428.5,2.29,46.37,428.5,10.0,135.5,44.5,106.5,5.0,-6.5,93.0,30.0,26.5,22.0,17.0,11.0,32.0,26.0,22.5,17.0,12.0,7440.0,47.2,56.25,38.1,39.25
Franklin,2007,360.0,1.73,44.56999999999999,360.0,31.0,159.0,68.5,116.0,3.0,-20.0,91.5,32.0,27.5,20.0,19.5,15.5,32.0,25.0,21.5,12.5,-2.5,7846.0,43.95,53.8,34.15,103.7
Franklin,2008,360.0,1.69,36.8,360.0,18.5,156.5,64.5,116.0,1.0,-16.0,91.5,31.0,26.5,22.5,19.5,13.5,31.5,27.5,23.0,12.0,12.0,7335.0,45.4,55.150000000000006,35.75,69.3
Franklin,2009,292.0,1.8050000000000002,37.76,292.0,30.5,171.5,56.0,110.5,1.5,-28.5,90.0,31.0,28.0,21.5,20.0,13.5,30.0,28.0,24.0,19.0,13.0,7553.0,43.6,55.45,31.799999999999997,68.5
Franklin,2010,481.5,3.12,45.29,481.5,15.5,163.0,58.5,123.0,10.0,-19.5,95.5,30.5,27.0,19.5,19.5,12.5,29.5,26.5,23.0,10.5,10.5,7245.0,51.95,47.0,35.35,66.3
Franklin,2011,344.0,5.25,47.91,344.0,39.0,170.0,59.0,120.0,7.0,-34.0,95.0,28.0,28.0,20.0,20.0,13.0,29.0,22.0,22.0,19.0,16.0,8471.0,56.0,31.9,35.46923076923077,44.0
Franklin,2012,377.0,4.925,35.56,377.0,22.0,162.0,44.0,129.0,9.0,-18.0,95.0,32.0,21.0,21.0,16.0,16.0,32.0,24.0,24.0,18.0,-10.0,6783.0,57.8,34.0,35.64807692307692,45.9
Franklin,2014,347.0,1.0,10.88,347.0,46.0,165.0,68.0,121.0,1.0,-30.0,90.0,29.0,28.0,21.0,19.0,15.0,32.0,28.0,24.0,20.0,10.0,7622.5,55.3,30.6,35.82692307692308,43.0
Franklin,2015,441.0,1.73,24.33,441.0,55.0,179.0,67.0,142.0,9.0,-33.0,93.0,30.0,27.0,21.0,16.0,16.0,32.0,22.0,22.0,20.0,15.0,8462.0,56.2,29.4,35.94615384615385,42.8
Franklin,2016,388.0,2.46,37.78,388.0,27.0,182.0,57.0,129.0,9.0,-24.0,92.0,31.0,28.0,24.0,20.0,14.0,28.0,28.0,24.0,18.0,15.0,7415.0,56.8,32.6,36.125,44.7
Franklin,2017,469.0,2.135,37.870000000000005,469.0,34.0,178.5,63.0,129.0,14.0,-26.5,94.0,31.5,28.0,24.0,18.5,14.5,29.0,28.0,23.0,18.5,15.0,7330.0,56.099999999999994,32.0,36.30384615384615,44.05
Franklin,2018,550.0,1.81,37.96,550.0,41.0,175.0,69.0,129.0,19.0,-29.0,96.0,32.0,28.0,24.0,17.0,15.0,30.0,28.0,22.0,19.0,15.0,7977.0,55.4,31.4,36.482692307692304,43.4
Franklin,2019,461.5,1.53,45.07,461.5,25.0,158.0,50.0,121.0,11.5,-19.0,94.5,31.5,28.0,24.0,17.5,14.5,30.0,27.5,23.0,17.0,15.0,8624.0,51.099999999999994,44.0,36.72115384615385,47.05
Grand Isle,1990,373.0,1.25,37.18,373.0,9.0,141.0,31.0,113.0,4.0,-9.0,93.0,31.0,28.0,24.0,18.0,14.0,30.0,27.0,24.0,15.0,15.0,7457.0,46.8,56.6,36.9,50.7
Grand Isle,1991,584.0,1.85,30.96,584.0,12.0,139.0,47.0,124.0,13.0,-9.0,95.0,32.0,28.0,20.0,20.0,16.0,27.0,27.0,24.0,20.0,16.0,6840.0,47.4,56.9,37.8,34.7
Grand Isle,1992,355.0,1.32,28.99,355.0,24.0,143.0,56.0,113.0,2.0,-13.0,90.0,31.0,25.0,22.0,19.0,16.0,32.0,21.0,21.0,20.0,16.0,7666.0,44.7,53.7,35.6,30.4
Grand Isle,1993,530.0,1.54,32.52,530.0,31.0,152.0,66.0,107.0,10.0,-27.0,93.0,32.0,26.0,23.0,15.0,15.0,28.0,28.0,22.0,13.0,13.0,7777.0,44.6,53.9,35.3,70.7
Grand Isle,1994,463.0,1.52,30.06,463.0,34.0,134.0,64.0,111.0,5.0,-31.0,96.0,31.0,26.0,19.0,19.0,16.0,32.0,28.0,17.0,17.0,11.0,8086.0,44.7,53.5,35.9,62.3
Grand Isle,1995,623.0,2.94,34.87,623.0,12.0,147.0,72.0,117.0,9.0,-16.0,98.0,31.0,28.0,17.0,17.0,14.0,31.0,23.0,23.0,14.0,14.0,6942.0,46.1,54.9,37.4,55.3
Grand Isle,1996,428.0,2.27,42.11,428.0,17.0,139.0,62.0,109.0,2.0,-17.0,92.0,31.0,28.0,21.0,16.0,16.0,31.0,24.0,24.0,19.0,12.0,7607.0,45.6,53.7,37.4,32.4
Grand Isle,1997,407.0,1.54,28.96,407.0,15.0,154.0,65.0,108.0,4.0,-11.0,92.0,30.0,26.0,24.0,19.0,16.0,31.0,24.0,24.0,13.0,13.0,7417.0,45.1,54.0,36.2,72.2
Grand Isle,1998,470.0,2.51,38.75,470.0,8.0,121.0,38.0,126.0,0.0,-13.0,89.0,32.0,26.0,20.0,20.0,16.0,29.0,28.0,24.0,13.0,13.0,6747.0,48.4,57.0,39.7,55.0
Grand Isle,1999,743.0,2.49,28.8,743.0,11.0,132.0,54.0,124.0,19.0,-23.0,96.0,32.0,27.0,21.0,16.0,16.0,32.0,27.0,24.0,18.0,4.0,6706.0,48.1,57.0,39.1,42.1
Grand Isle,2000,317.0,1.93,32.82,317.0,18.0,134.0,66.0,97.0,0.0,-13.0,86.0,29.0,27.0,23.0,13.0,13.0,31.0,24.0,24.0,16.0,16.0,7012.0,44.9,53.3,36.5,59.3
Grand Isle,2005,357.75,2.57,39.37,357.75,9.0,124.5,53.0,122.0,4.0,-5.5,93.0,29.0,27.5,23.5,15.0,11.5,31.0,26.0,24.0,16.0,16.0,6968.5,45.275,55.7,38.25,53.5
Grand Isle,2006,398.5,2.15,40.83,398.5,0.0,115.0,61.5,123.5,4.0,2.0,93.5,29.0,28.0,24.0,17.0,10.0,31.0,28.0,24.0,16.0,16.0,6925.0,45.65,55.150000000000006,40.0,24.6
Grand Isle,2007,439.25,1.59,39.3,439.25,4.0,129.0,70.0,125.0,4.0,-5.0,94.0,29.0,28.0,23.5,18.5,13.0,31.5,27.5,18.0,14.0,14.0,6881.5,46.025,54.6,38.9,79.6
Grand Isle,2008,480.0,3.01,39.34,480.0,8.0,143.0,69.0,112.0,3.0,-12.0,91.0,29.0,28.0,23.0,20.0,16.0,32.0,27.0,12.0,12.0,12.0,6838.0,46.4,55.1,37.8,68.4
Grand Isle,2009,425.0,1.26,32.98,425.0,19.0,138.0,61.0,108.0,1.0,-17.0,90.0,31.0,27.0,22.0,19.0,15.0,28.0,28.0,19.0,19.0,14.0,7431.0,46.0,54.5,37.4,38.2
Grand Isle,2010,720.0,2.1,41.57,720.0,4.0,129.0,59.0,122.0,14.0,-5.0,96.0,32.0,27.0,19.0,19.0,16.0,32.0,17.0,17.0,17.0,16.0,6524.0,52.8,48.65,40.3,43.650000000000006
Grand Isle,2011,762.5,4.02,44.84,762.5,4.0,132.0,57.0,125.0,5.0,-4.0,95.0,30.5,25.0,21.0,15.0,13.5,31.5,21.0,18.5,18.5,11.5,7367.0,56.3,40.599999999999994,39.129999999999995,49.3
Grand Isle,2012,805.0,3.38,32.83,805.0,4.0,135.0,36.0,133.0,12.0,-3.0,98.0,29.0,23.0,23.0,11.0,11.0,31.0,25.0,20.0,20.0,7.0,7109.5,59.0,40.9,37.96,50.0
Grand Isle,2013,615.0,1.88,37.69,615.0,14.0,147.0,57.0,125.0,7.0,-11.0,94.0,32.0,26.0,24.0,18.0,14.0,30.0,24.0,24.0,15.0,15.0,6852.0,55.5,38.1,36.79,46.8
Grand Isle,2014,544.0,1.81,35.57,544.0,21.0,142.0,72.0,123.0,3.0,-16.0,90.0,32.0,28.0,24.0,20.0,13.0,25.0,25.0,19.0,19.0,6.0,7767.0,54.2,37.2,35.62,45.7
Grand Isle,2015,693.0,2.07,37.7,693.0,30.0,129.0,69.0,137.0,6.0,-17.0,94.0,30.0,25.0,24.0,17.0,14.0,27.0,27.0,19.0,19.0,12.0,7756.0,56.0,37.3,34.45,46.7
Grand Isle,2016,808.0,1.78,26.7,808.0,9.0,143.0,45.0,132.0,9.0,-17.0,95.0,32.0,28.0,23.0,19.0,15.0,32.0,28.0,20.0,20.0,16.0,6505.0,57.6,39.3,33.28,48.5
Grand Isle,2017,561.0,1.76,38.72,561.0,7.0,136.0,56.0,130.0,2.0,-12.0,95.0,31.0,27.0,17.0,17.0,16.0,31.0,26.0,11.0,11.0,11.0,6688.0,56.2,39.2,32.11,47.7
Grand Isle,2018,848.0,1.84,35.12,848.0,11.0,155.0,62.0,128.0,15.0,-17.0,98.0,30.0,28.0,16.0,16.0,16.0,29.0,28.0,21.0,20.0,10.0,7123.0,55.5,38.4,30.94,47.0
Grand Isle,2019,426.5,2.545,60.885000000000005,426.5,20.0,177.0,90.0,76.0,7.5,-20.0,86.5,30.0,27.5,18.5,15.5,15.5,29.0,28.0,22.5,18.5,10.0,7728.0,45.8,41.0,29.770000000000003,85.6
Lamoille,1990,5.0,3.25,86.65,5.0,29.0,199.0,118.0,24.0,0.0,-23.0,75.0,30.0,27.0,21.0,15.0,15.0,29.0,28.0,24.0,17.0,10.0,11080.0,36.1,43.6,28.6,124.2
Lamoille,1991,14.0,2.61,71.62,14.0,42.0,195.0,127.0,24.0,0.0,-24.0,76.0,31.0,28.0,24.0,20.0,16.0,32.0,24.0,24.0,17.0,12.0,10295.0,35.7,42.9,28.6,162.8
Lamoille,1992,2.0,2.4,71.9,2.0,43.0,209.0,146.0,9.0,0.0,-28.0,72.0,25.0,25.0,21.0,19.0,14.0,23.0,23.0,23.0,20.0,12.0,11197.0,33.0,40.0,26.0,201.4
Lamoille,1993,0.0,2.14,84.25,0.0,52.0,218.0,137.0,13.0,0.0,-31.0,74.0,31.0,26.0,23.0,15.0,15.0,23.0,23.0,23.0,14.0,14.0,11821.0,32.1,39.2,25.1,240.0
Lamoille,1994,26.0,2.385,58.214999999999996,26.0,54.0,204.0,102.5,55.0,2.0,-38.0,85.0,32.0,26.0,17.0,17.0,14.0,31.0,23.0,23.0,18.0,16.0,11785.0,33.1,46.05,26.1,179.15
Lamoille,1995,30.0,5.165,63.785000000000004,30.0,41.0,198.0,109.0,69.5,1.5,-33.0,86.0,32.0,26.0,20.0,20.0,14.0,27.0,27.0,19.0,19.0,13.0,10838.0,34.3,46.95,27.5,175.3
Lamoille,1996,0.0,3.24,101.0,0.0,41.0,219.0,137.0,1.0,0.0,-25.0,70.0,32.0,23.0,23.0,19.0,12.0,32.0,26.0,22.0,16.0,16.0,11597.0,32.9,39.7,26.0,290.6
Lamoille,1997,74.5,3.5,89.04,74.5,38.5,203.0,112.5,55.5,0.0,-30.5,82.5,30.5,25.5,24.0,17.5,13.5,30.5,28.0,21.0,18.0,15.5,8812.0,36.900000000000006,45.95,27.9,316.6
Lamoille,1998,194.0,2.545,73.28,194.0,18.0,152.0,56.0,86.0,0.0,-23.0,86.0,29.0,27.0,24.0,18.0,15.0,29.0,27.0,22.0,17.0,15.0,9017.5,44.7,52.8,35.1,141.5
Lamoille,1999,217.0,5.765,60.43000000000001,217.0,28.5,182.5,86.0,79.5,2.5,-28.5,88.5,31.0,26.5,22.5,18.0,16.0,31.0,25.5,23.5,18.5,11.5,7968.0,40.599999999999994,49.85,31.35,146.2
Lamoille,2000,77.0,2.115,50.91,77.0,37.5,179.0,96.5,50.0,0.0,-26.5,79.5,31.0,27.0,22.0,19.0,9.5,29.5,26.5,20.5,18.5,12.0,9175.0,38.1,46.7,29.45,198.89999999999998
Lamoille,2005,418.0,2.1950000000000003,56.879999999999995,418.0,32.5,165.5,79.0,104.5,0.5,-22.5,90.0,28.0,27.5,23.0,19.0,15.5,31.5,24.0,23.0,18.0,14.5,9602.5,43.05,52.099999999999994,33.15,170.75
Lamoille,2006,289.0,2.605,63.400000000000006,289.0,13.0,164.0,54.0,96.0,3.0,-14.0,92.0,30.0,27.0,21.0,19.0,15.0,31.0,27.0,23.0,19.0,11.0,7759.0,44.7,53.4,35.7,99.5
Lamoille,2007,135.5,2.5,53.44,135.5,38.5,182.5,110.5,70.0,1.0,-23.0,84.0,31.0,25.5,22.5,17.5,15.0,29.0,27.0,18.5,18.0,14.5,9340.5,38.3,46.75,29.85,197.8
Lamoille,2008,204.0,2.2,57.474999999999994,204.0,31.0,174.5,82.5,90.5,1.0,-21.5,91.5,31.0,26.5,22.0,17.0,12.5,28.5,27.0,22.0,16.0,7.0,8272.5,42.5,51.85,32.55,180.45
Lamoille,2009,178.5,3.14,54.91,178.5,30.0,169.0,77.5,82.0,0.0,-24.5,87.5,29.5,27.0,23.0,19.5,12.5,29.5,26.0,23.0,17.5,11.5,8350.0,41.849999999999994,50.95,32.3,134.9
Lamoille,2010,359.0,4.34,65.6,359.0,8.5,158.5,75.0,98.5,4.0,-13.5,92.0,31.5,27.0,22.5,18.5,16.0,29.5,27.5,19.0,14.5,11.0,7729.0,45.2,39.849999999999994,35.9,45.8
Lamoille,2011,259.5,3.605,60.754999999999995,259.5,26.0,159.0,72.0,107.0,1.0,-25.5,90.0,32.0,26.5,23.5,18.0,15.0,31.5,24.0,22.5,18.5,14.0,8517.0,52.6,34.3,300.0,43.8
Lamoille,2012,337.0,2.715,50.805,337.0,17.0,158.0,52.0,123.0,2.0,-18.0,90.0,31.0,26.0,22.0,19.0,15.0,31.0,25.0,21.0,18.0,12.0,6938.0,55.5,35.0,90.0,45.4
Lamoille,2013,246.0,2.24,50.265,246.0,27.5,175.5,76.0,106.5,0.5,-22.5,89.5,31.5,27.0,19.5,19.0,15.5,28.5,26.0,21.0,18.5,11.0,7915.0,51.900000000000006,33.0,300.0,42.45
Lamoille,2014,193.5,1.935,45.93,193.5,39.5,168.5,87.0,98.0,0.0,-20.5,87.5,30.0,26.5,23.0,18.5,15.0,30.0,25.0,22.5,14.0,14.0,9153.0,51.0,31.85,20.0,41.45
Lamoille,2015,255.5,2.28,46.57,255.5,45.0,162.0,78.5,117.0,0.5,-29.5,88.0,31.0,27.0,23.0,17.0,14.0,31.5,25.0,23.0,18.5,14.5,8872.5,52.45,31.35,310.0,41.9
Lamoille,2016,271.0,1.94,45.31,271.0,21.0,174.0,66.0,113.5,0.0,-21.5,88.0,31.0,25.5,23.5,19.0,15.0,31.5,26.0,21.5,17.5,16.0,7543.0,53.8,33.25,20.0,43.75
Lamoille,2017,180.0,1.8900000000000001,49.41,180.0,26.0,166.0,68.0,108.0,0.0,-15.0,89.0,29.0,25.0,22.0,19.0,15.0,31.0,27.0,22.0,19.0,-1.0,7948.5,53.6,33.0,170.0,43.1
Lamoille,2018,170.0,1.88,47.24,170.0,22.0,183.0,65.0,121.0,7.0,-24.0,92.0,31.0,24.0,22.0,16.0,5.0,32.0,27.0,19.0,19.0,13.0,8058.0,53.9,32.3,350.0,43.1
Lamoille,2019,160.0,3.185,54.41,160.0,33.0,178.0,90.0,85.0,0.0,-19.0,88.0,32.0,28.0,22.0,20.0,11.0,32.0,27.0,21.0,17.0,15.0,8855.5,50.2,30.5,180.0,40.4
Orange,1990,188.0,2.53,46.71,188.0,19.5,178.0,47.5,113.0,0.5,-13.0,89.0,32.0,25.5,21.5,18.0,15.5,31.0,27.5,20.0,18.5,6.5,9043.0,43.2,54.75,31.65,83.4
Orange,1991,162.0,2.135,37.985,162.0,34.5,182.0,59.5,118.5,2.0,-16.0,91.5,31.5,27.0,23.5,18.0,16.0,30.5,26.5,20.0,19.5,11.0,7951.0,42.6,54.5,30.65,58.5
Orange,1992,66.5,1.595,32.905,66.5,36.5,204.0,66.5,89.0,0.0,-18.5,85.5,28.5,25.0,24.0,20.0,15.0,31.5,26.5,23.5,16.5,16.0,9053.5,39.45,51.05,27.85,51.65
Orange,1993,165.5,1.6949999999999998,36.055,165.5,46.0,200.0,67.0,98.0,2.5,-30.5,89.0,28.0,25.5,23.5,17.0,15.0,32.0,27.5,22.5,19.5,14.0,9293.5,40.099999999999994,52.15,28.1,98.6
Orange,1994,235.0,1.7,34.47,235.0,54.0,207.0,66.0,105.0,5.0,-36.0,95.0,31.0,20.0,20.0,20.0,14.0,31.0,28.0,24.0,14.0,14.0,9438.0,40.1,53.6,26.6,97.0
Orange,1995,210.0,2.16,34.73,210.0,35.0,199.0,70.0,112.0,6.0,-25.0,94.0,29.0,27.0,23.0,9.0,9.0,32.0,27.0,21.0,20.0,16.0,8518.0,41.2,54.3,28.1,74.7
Orange,1996,129.0,2.58,44.67,129.0,35.0,205.0,64.0,108.0,0.0,-25.0,89.0,29.0,23.0,23.0,20.0,9.0,30.0,28.0,24.0,20.0,11.0,9031.0,41.4,53.4,29.4,123.6
Orange,1997,105.0,1.85,35.53,105.0,40.0,211.0,62.0,106.0,0.0,-28.0,87.0,27.0,27.0,24.0,18.0,16.0,32.0,28.0,23.0,20.0,15.0,8858.0,39.9,53.3,26.5,86.3
Orange,1998,200.0,2.51,37.0,200.0,19.0,183.0,34.0,126.0,1.0,-20.0,90.0,28.0,28.0,22.0,20.0,15.0,32.0,25.0,24.0,18.0,11.0,8208.0,44.4,57.1,31.8,56.3
Orange,1999,198.22222222222223,4.71,41.35,198.22222222222223,17.22222222222222,179.88888888888889,52.0,130.0,6.0,-16.666666666666668,96.0,28.22222222222222,28.0,22.22222222222222,19.77777777777778,13.444444444444445,31.77777777777778,25.666666666666668,24.0,18.444444444444443,11.0,8019.0,44.22222222222222,56.6,32.422222222222224,70.2
Orange,2000,195.55555555555554,1.61,42.17,195.55555555555554,14.555555555555555,175.22222222222223,54.666666666666664,113.33333333333333,4.0,-11.666666666666666,93.66666666666667,28.555555555555557,28.0,22.555555555555557,19.444444444444443,11.11111111111111,31.444444444444443,26.666666666666668,24.0,19.11111111111111,11.0,8130.4,43.955555555555556,55.300000000000004,33.355555555555554,96.85
Orange,2005,193.33333333333331,4.81,46.09,193.33333333333331,12.333333333333334,171.33333333333331,58.0,92.5,1.5,-7.499999999999999,90.75,28.833333333333336,28.0,22.833333333333336,19.166666666666664,9.166666666666668,31.166666666666664,27.5,24.0,19.666666666666668,11.0,8269.65,43.733333333333334,53.675,34.13333333333334,91.6
Orange,2006,192.0,2.015,49.370000000000005,192.0,11.0,169.0,60.0,80.0,0.0,-5.0,89.0,29.0,28.0,23.0,19.0,8.0,31.0,28.0,24.0,20.0,11.0,8408.9,43.6,52.7,34.6,32.0
Orange,2007,164.0,1.7,39.48,164.0,14.5,173.5,74.0,87.5,0.5,-9.0,89.5,30.0,27.5,23.5,19.5,10.5,28.5,27.0,24.0,19.5,10.5,8520.3,42.650000000000006,52.1,33.25,86.7
Orange,2008,136.0,2.16,51.765,136.0,18.0,178.0,88.0,95.0,1.0,-13.0,90.0,31.0,27.0,24.0,20.0,13.0,26.0,26.0,24.0,19.0,10.0,8576.0,41.7,51.5,31.9,110.5
Orange,2009,117.5,2.355,45.03,117.5,27.0,174.5,81.5,63.5,0.0,-15.0,85.5,30.0,27.0,23.5,18.0,15.0,31.5,25.0,23.0,19.0,15.0,8857.0,40.65,49.45,31.9,66.5
Orange,2010,265.5,3.73,44.620000000000005,265.5,10.0,170.0,80.0,92.0,0.0,-12.0,88.5,31.5,27.0,20.0,19.0,15.5,29.0,27.5,23.5,10.5,10.5,8155.0,47.0,42.9,34.9,43.45
Orange,2011,222.0,3.8499999999999996,49.599999999999994,222.0,30.0,171.0,74.0,107.0,2.0,-23.0,90.0,30.0,27.0,24.0,18.0,16.0,32.0,27.0,23.0,19.0,15.0,8782.0,52.7,33.5,34.94166666666666,43.0
Orange,2012,213.0,2.13,41.96,213.0,12.0,166.0,64.0,115.0,0.0,-13.0,89.0,23.0,22.0,22.0,16.0,16.0,32.0,27.0,23.0,17.0,16.0,7490.0,54.2,34.7,35.00833333333333,44.4
Orange,2013,366.5,1.4,41.74,366.5,24.0,192.0,70.5,110.0,5.0,-20.0,89.0,31.0,28.0,18.0,18.0,16.0,32.0,27.5,24.0,19.5,13.0,7991.5,53.5,32.15,35.05833333333333,42.8
Orange,2014,200.5,2.28,41.935,200.5,48.5,184.0,80.5,108.0,2.0,-22.0,91.5,30.0,28.0,22.0,19.5,16.0,31.5,28.0,23.5,18.0,10.5,9109.0,52.3,30.450000000000003,35.099999999999994,41.4
Orange,2015,295.0,2.28,40.705,295.0,51.5,178.5,71.0,124.5,3.0,-25.0,90.0,31.5,24.5,20.0,18.5,15.0,30.0,27.5,23.5,18.0,12.0,9004.5,54.2,30.0,35.141666666666666,42.15
Orange,2016,497.0,1.92,37.46,497.0,19.0,178.0,42.0,133.0,9.0,-16.0,94.0,31.0,25.0,24.0,18.0,16.0,31.0,28.0,24.0,12.0,12.0,7446.0,58.0,34.2,35.175,46.1
Orange,2017,233.5,2.9,46.41,233.5,25.5,172.5,60.5,112.0,2.0,-23.0,90.0,30.5,26.0,20.0,17.5,15.5,29.5,25.0,23.0,10.5,10.5,7386.0,54.25,32.95,35.20833333333333,43.55
Orange,2018,408.5,1.7,42.365,408.5,24.5,184.5,64.5,122.5,7.0,-25.5,91.0,30.0,25.5,24.0,17.5,13.0,31.5,24.0,23.5,18.5,15.5,8215.5,53.8,32.85,35.24166666666667,43.3
Orange,2019,428.0,2.1550000000000002,45.585,428.0,33.0,175.0,59.0,124.0,9.0,-15.0,95.0,28.0,28.0,21.0,16.0,16.0,31.0,26.0,22.0,20.0,14.0,8136.0,55.6,32.0,35.275,43.8
Orleans,1990,325.0,2.61,49.57,325.0,13.0,152.0,41.0,117.0,0.0,-13.0,89.0,32.0,22.0,22.0,18.0,15.0,32.0,28.0,22.0,18.0,13.0,7698.0,45.6,55.9,35.3,97.2
Orleans,1991,150.0,3.3,48.87,150.0,33.5,161.0,75.0,79.0,0.0,-21.0,85.0,31.0,27.0,21.0,20.0,13.0,28.0,28.0,21.0,14.5,14.5,7307.5,40.5,50.0,32.25,72.8
Orleans,1992,186.0,1.12,32.1,186.0,44.0,181.0,58.0,108.0,0.0,-19.0,88.0,27.0,27.0,24.0,14.0,14.0,32.0,25.0,23.0,16.0,16.0,8007.5,41.9,53.1,30.7,66.0
Orleans,1993,274.0,2.4699999999999998,50.394999999999996,274.0,46.5,182.0,78.5,89.5,1.0,-35.5,89.5,31.0,27.0,23.5,17.5,16.0,30.0,28.0,23.0,18.5,10.0,8322.0,39.95,50.85,29.15,160.5
Orleans,1994,448.0,1.85,41.644999999999996,448.0,49.0,158.0,73.5,109.0,4.5,-37.0,94.5,25.0,25.0,24.0,19.0,13.0,30.0,28.0,23.0,15.0,15.0,8451.0,42.7,52.75,31.8,134.45
Orleans,1995,350.5,1.42,40.805,350.5,39.0,166.0,96.0,75.0,0.0,-32.0,86.0,27.5,26.0,23.0,17.5,14.5,31.0,28.0,22.5,10.5,10.5,7249.0,43.05,48.1,32.25,153.3
Orleans,1996,160.5,1.31,42.82,160.5,32.5,178.5,74.0,87.0,0.5,-24.0,86.5,28.5,27.0,23.0,17.0,15.5,31.0,28.0,22.5,11.5,10.5,7536.0,41.05,50.7,31.450000000000003,96.7
Orleans,1997,159.0,3.9499999999999997,62.155,159.0,31.0,187.5,82.5,83.0,0.5,-25.5,86.5,31.5,27.0,24.0,19.5,15.0,29.5,25.5,23.5,17.0,15.5,8593.0,40.15,50.4,29.85,226.85000000000002
Orleans,1998,217.0,1.985,51.785,217.0,19.5,159.0,50.5,103.0,3.0,-21.0,88.0,27.5,26.0,23.5,16.0,14.0,26.5,23.0,23.0,12.5,9.5,7787.0,44.599999999999994,54.5,34.8,96.1
Orleans,1999,553.0,3.0,36.13,553.0,24.0,156.0,53.0,132.0,9.0,-32.0,96.0,32.0,27.0,23.0,17.0,10.0,31.0,28.0,24.0,19.0,12.0,7384.0,46.4,57.4,35.3,126.25
Orleans,2000,236.0,2.08,58.28,236.0,29.0,144.0,73.0,81.0,0.5,-25.0,86.0,31.0,25.0,23.0,20.0,11.0,30.0,27.0,19.0,19.0,9.0,7009.0,43.8,50.65,33.4,213.85000000000002
Orleans,2005,475.0,1.96,50.04,475.0,38.0,160.0,77.0,111.0,3.0,-22.0,91.0,28.0,28.0,24.0,20.0,15.0,30.0,26.0,24.0,20.0,11.0,8813.0,42.7,53.1,32.4,109.6
Orleans,2006,307.0,2.86,48.91,307.0,19.0,162.0,57.0,98.0,2.0,-8.0,93.0,29.0,27.0,22.0,19.0,9.0,30.0,28.0,22.0,20.0,11.0,7861.0,44.4,53.7,35.0,123.8
Orleans,2007,254.0,2.33,48.45,254.0,48.0,178.0,89.0,107.0,2.0,-22.0,91.0,28.0,28.0,23.0,18.0,16.0,30.0,28.0,18.0,18.0,-5.0,8648.0,41.0,51.2,30.8,161.5
Orleans,2008,181.0,3.42,52.78,181.0,32.5,174.5,88.5,87.0,0.5,-15.0,88.5,31.5,26.5,23.0,17.5,15.0,29.5,25.5,23.5,11.5,11.5,8561.0,41.3,50.9,31.7,160.8
Orleans,2009,161.0,1.95,55.99,161.0,34.5,176.0,86.5,74.0,0.5,-20.5,87.0,31.5,22.0,18.0,18.0,13.5,28.5,27.0,24.0,17.0,15.5,9114.0,39.95,49.25,30.65,120.95
Orleans,2010,377.0,3.36,46.96,377.0,15.0,172.0,74.0,103.0,3.0,-14.0,93.0,29.0,28.0,22.0,20.0,13.0,31.0,26.0,10.0,10.0,10.0,8002.0,48.55,44.0,34.9,54.6
Orleans,2011,219.0,4.845,63.055,219.0,25.5,159.0,78.5,97.0,1.0,-24.0,87.5,30.5,28.0,22.5,15.5,15.0,31.5,26.5,23.5,19.0,12.5,8901.5,51.400000000000006,33.55,34.90833333333333,42.45
Orleans,2012,343.0,2.935,44.11,343.0,24.0,168.0,61.0,124.0,2.0,-13.0,91.0,31.0,27.0,21.0,15.0,15.0,30.0,28.0,22.0,20.0,16.0,7450.0,54.7,34.5,34.91833333333334,44.6
Orleans,2013,320.0,2.3049999999999997,49.715,320.0,32.0,180.0,79.0,114.0,2.0,-20.0,91.0,32.0,27.0,20.0,20.0,16.0,32.0,28.0,22.0,20.0,16.0,8314.5,52.1,32.4,34.92666666666666,42.2
Orleans,2014,242.0,1.75,47.72,242.0,48.0,173.0,92.0,101.0,0.0,-26.0,88.0,31.0,28.0,24.0,19.0,16.0,31.0,28.0,23.0,15.0,15.0,9256.0,51.0,30.9,34.93666666666667,40.9
Orleans,2015,247.0,2.2800000000000002,45.5,247.0,51.0,171.0,83.0,108.0,0.0,-25.0,89.0,30.0,23.0,23.0,20.0,15.0,32.0,26.0,24.0,17.0,16.0,9238.0,51.6,30.1,34.946666666666665,40.9
Orleans,2016,322.0,2.015,48.82,322.0,44.57142857142857,173.5,81.92857142857142,110.5,1.7857142857142856,-25.0,90.42857142857142,30.714285714285715,24.785714285714285,23.0,18.57142857142857,15.357142857142858,31.642857142857146,25.285714285714285,24.0,17.0,14.214285714285715,7894.0,51.74285714285715,30.814285714285717,34.95833333333333,41.32857142857142
Orleans,2017,412.0,1.94,48.595,412.0,36.857142857142854,176.5,80.64285714285714,113.5,3.928571428571429,-25.0,92.14285714285714,31.57142857142857,26.92857142857143,23.0,16.857142857142858,15.785714285714285,31.214285714285715,24.42857142857143,24.0,17.0,12.071428571428573,8174.0,51.91428571428571,31.67142857142857,34.968333333333334,41.84285714285714
Orleans,2018,457.0,1.79,48.76,457.0,33.0,178.0,80.0,115.0,5.0,-25.0,93.0,32.0,28.0,23.0,16.0,16.0,31.0,24.0,24.0,17.0,11.0,8454.0,52.0,32.1,34.97666666666667,42.1
Orleans,2019,266.0,2.6550000000000002,56.39,266.0,39.0,179.0,95.0,95.0,3.0,-15.0,91.0,32.0,27.0,21.0,14.0,14.0,27.0,27.0,23.0,15.0,15.0,9210.0,51.0,30.0,34.99,40.5
Rutland,1990,348.0,2.785,51.125,348.0,8.0,163.0,28.0,135.0,2.0,-13.0,92.0,27.0,27.0,24.0,20.0,16.0,29.0,28.0,19.0,19.0,14.0,7431.0,47.0,58.9,35.0,66.2
Rutland,1991,386.0,1.495,37.795,386.0,15.0,154.0,35.0,146.0,6.0,-10.0,93.0,30.0,26.0,23.0,18.0,13.0,29.0,26.0,21.0,14.0,14.0,6632.0,47.1,58.8,35.5,42.1
Rutland,1992,195.0,1.59,35.17,195.0,19.0,166.0,43.0,118.0,0.0,-15.0,88.0,29.0,27.0,23.0,17.0,15.0,29.0,27.0,19.0,19.0,15.0,7337.0,44.4,55.3,33.4,47.5
Rutland,1993,384.0,1.1600000000000001,35.69,384.0,29.0,166.0,53.0,121.0,5.0,-26.0,93.0,28.0,28.0,20.0,20.0,7.0,26.0,26.0,24.0,20.0,11.0,7643.0,44.8,56.0,33.6,88.69999999999999
Rutland,1994,437.0,2.0,45.465,437.0,35.0,162.0,54.0,118.0,5.0,-36.0,95.0,30.0,28.0,24.0,18.0,16.0,30.0,27.0,23.0,19.0,11.0,7910.0,44.8,56.2,33.3,87.25
Rutland,1995,432.0,2.17,36.57,432.0,16.0,157.0,57.0,119.0,8.0,-16.0,96.0,32.0,26.0,24.0,14.0,14.0,29.0,27.0,24.0,19.0,10.0,6831.0,46.1,57.2,35.1,69.7
Rutland,1996,340.0,2.175,52.67,340.0,16.0,169.0,48.0,119.0,0.0,-29.0,89.0,25.0,25.0,23.0,18.0,15.0,30.0,27.0,21.0,20.0,12.0,7552.0,45.3,55.8,34.8,93.8
Rutland,1997,249.0,1.3199999999999998,35.455,249.0,12.0,182.0,47.0,114.0,0.0,-16.0,88.0,30.0,27.0,24.0,19.0,14.0,32.0,26.0,23.0,18.0,16.0,7276.0,44.5,55.7,33.3,109.19999999999999
Rutland,1998,339.0,2.64,43.33,339.0,7.0,154.0,27.0,135.0,1.0,-17.0,90.0,31.0,28.0,23.0,20.0,16.0,32.0,27.0,23.0,17.0,13.0,6678.0,48.2,59.3,37.1,51.95
Rutland,1999,409.0,3.8200000000000003,39.57,409.0,15.0,163.0,44.0,122.0,8.0,-18.0,93.0,27.0,27.0,22.0,17.0,12.0,32.0,28.0,22.0,20.0,-5.0,6559.0,47.1,58.9,35.4,70.9
Rutland,2000,252.0,3.42,47.575,252.0,24.0,155.0,49.0,121.0,0.0,-18.0,88.0,31.0,24.0,24.0,19.0,12.0,31.0,28.0,22.0,0.0,0.0,6853.0,45.0,56.1,33.9,90.4
Rutland,2005,597.5,2.25,49.93,597.5,22.0,161.0,53.5,132.0,10.5,-23.0,93.0,31.0,28.0,23.0,19.0,12.0,32.0,25.0,23.0,20.0,15.0,7272.0,46.7,58.55,34.4,104.5
Rutland,2006,437.0,2.1,45.285,437.0,4.5,150.0,26.5,122.5,6.0,-6.0,94.5,32.0,28.0,24.0,19.5,16.0,32.0,27.5,21.0,19.5,15.0,6605.0,48.4,59.35,37.45,42.1
Rutland,2007,351.0,2.465,46.17,351.0,23.0,167.0,57.0,131.5,5.5,-17.0,94.0,30.0,23.5,23.5,19.0,16.0,31.0,27.5,23.0,14.0,14.0,7185.5,44.8,56.15,33.4,107.5
Rutland,2008,252.5,3.55,57.89,252.5,11.0,163.0,54.5,116.0,2.5,-15.5,91.5,31.0,28.0,21.5,19.5,14.0,31.0,27.0,22.0,19.5,4.5,7554.0,44.9,55.7,34.05,92.6
Rutland,2009,232.5,2.07,52.28,232.5,22.5,164.5,61.5,106.5,0.5,-18.0,89.0,31.0,25.5,23.0,20.0,14.5,32.0,27.5,19.5,15.5,14.0,7724.0,43.95,54.4,33.55,72.6
Rutland,2010,510.0,3.81,50.09,510.0,8.5,161.5,50.5,131.0,11.5,-10.5,95.5,30.5,27.5,20.5,20.0,14.0,27.5,27.5,24.0,18.5,13.0,7142.0,52.0,46.55,36.35,53.900000000000006
Rutland,2011,445.5,3.93,53.36,445.5,19.5,155.5,44.5,128.5,4.5,-26.5,94.5,30.5,23.0,23.0,19.0,16.0,31.5,23.5,23.5,20.0,14.0,7616.5,57.9,35.75,36.258088235294125,46.85
Rutland,2012,408.5,2.51,39.6,408.5,4.0,147.5,24.5,139.5,7.0,-8.5,93.0,28.0,23.5,22.0,19.5,13.5,31.5,24.5,23.0,14.0,8.5,6142.0,59.650000000000006,37.15,36.111029411764704,48.400000000000006
Rutland,2013,442.5,2.43,43.4,442.5,13.0,174.5,49.5,126.5,6.5,-16.5,92.5,31.0,28.0,19.5,17.0,16.0,30.0,28.0,23.5,17.0,15.0,7143.5,56.65,34.3,35.9639705882353,45.45
Rutland,2014,295.0,1.9449999999999998,43.985,295.0,30.5,165.5,61.0,127.5,1.5,-21.5,90.5,32.0,27.5,21.0,19.0,13.0,32.0,28.0,24.0,19.5,4.0,7888.0,55.75,33.0,35.83529411764706,44.349999999999994
Rutland,2015,400.5,2.24,36.695,400.5,38.5,158.5,59.5,139.5,7.0,-22.0,91.5,30.5,25.5,23.0,20.0,15.5,30.0,26.5,24.0,17.0,16.0,7908.5,57.65,32.3,35.725,45.0
Rutland,2016,435.0,1.69,39.43,435.0,10.0,165.5,35.5,137.5,5.0,-17.0,91.0,31.5,26.5,22.0,19.0,12.0,31.5,25.5,23.0,13.0,13.0,6531.0,58.95,35.349999999999994,35.59632352941176,47.15
Rutland,2017,335.0,1.59,43.59,335.0,17.0,156.0,44.5,134.5,4.0,-16.0,92.0,31.5,26.5,22.0,19.5,12.0,30.0,27.5,24.0,17.0,9.5,6912.5,57.75,35.1,35.44926470588236,46.4
Rutland,2018,516.5,2.25,47.82,516.5,14.5,173.5,46.0,132.0,12.0,-23.5,98.0,31.0,25.5,23.5,17.0,13.5,31.5,24.5,23.5,20.0,15.5,7223.5,56.8,34.95,35.30220588235294,45.85
Rutland,2019,292.0,1.76,48.685,292.0,27.0,172.0,62.0,115.0,2.0,-22.0,90.0,32.0,28.0,21.0,12.0,12.0,32.0,26.0,23.0,19.0,12.0,7581.0,54.7,32.3,35.173529411764704,43.5
Washington,1990,291.0,2.43,52.99,291.0,11.0,158.5,46.5,115.0,0.5,-8.0,89.5,30.5,27.5,22.5,19.5,14.0,29.0,28.0,22.0,15.0,10.5,8258.5,45.150000000000006,55.2,35.1,120.5
Washington,1991,255.5,1.72,38.18,255.5,24.5,162.0,61.0,123.5,3.5,-14.0,92.0,30.5,26.5,24.0,20.0,12.0,30.5,25.5,23.0,14.5,14.5,7508.5,44.4,54.9,33.95,68.0
Washington,1992,153.0,1.44,33.52,153.0,23.0,177.0,71.0,94.0,0.0,-14.0,87.0,32.0,27.0,22.0,18.0,16.0,29.0,27.0,18.0,18.0,11.0,8501.0,41.6,51.4,31.9,73.9
Washington,1993,286.0,1.78,40.94499999999999,286.0,33.0,172.0,68.0,99.0,3.0,-28.0,92.0,30.0,24.0,24.0,20.0,10.0,28.0,28.0,23.0,20.0,11.0,8297.0,42.4,52.8,32.1,145.55
Washington,1994,355.0,1.36,38.57,355.0,37.0,160.0,68.5,101.5,6.5,-30.0,94.0,28.0,28.0,24.0,18.0,15.0,32.0,24.0,24.0,14.0,14.0,8791.0,42.8,52.849999999999994,32.8,116.0
Washington,1995,300.0,2.2199999999999998,43.05,300.0,21.0,159.0,75.0,106.0,6.0,-17.0,95.0,32.0,28.0,11.0,11.0,11.0,30.0,27.0,21.0,19.0,16.0,7649.0,42.9,52.6,33.1,107.85
Washington,1996,192.0,2.96,55.31,192.0,25.0,181.0,60.0,108.0,0.0,-26.0,88.5,30.0,26.0,22.0,19.0,9.0,32.0,28.0,20.0,20.0,16.0,8024.5,42.6,53.25,31.7,108.9
Washington,1997,131.0,2.035,44.12,131.0,22.0,184.0,62.0,104.0,0.0,-27.0,87.0,31.0,26.0,24.0,19.0,14.0,31.0,28.0,24.0,16.0,16.0,8261.0,41.0,52.8,31.0,118.9
Washington,1998,222.5,2.2,50.8,222.5,22.0,174.5,34.0,133.0,2.0,-25.0,91.0,31.0,27.0,24.0,19.0,15.0,30.5,28.0,23.5,17.5,13.5,7902.0,42.5,57.3,32.35,72.8
Washington,1999,331.0,4.37,35.45,331.0,29.0,175.0,56.5,119.0,6.5,-24.0,91.5,30.0,26.5,22.5,19.0,16.0,31.0,28.0,22.5,18.5,12.0,8038.25,43.95,55.45,32.45,102.35
Washington,2000,137.0,2.615,42.615,137.0,35.0,180.5,67.0,98.5,0.0,-18.5,85.5,32.0,24.0,22.0,18.5,11.0,32.0,27.5,18.0,18.0,9.0,8174.5,41.8,52.3,31.25,85.1
Washington,2005,425.0,2.36,49.36,425.0,26.0,161.0,74.0,118.0,1.0,-22.0,91.0,28.0,28.0,24.0,19.0,7.0,32.0,28.0,23.0,20.0,14.0,8179.0,43.7,54.1,33.8,129.8
Washington,2006,303.5,2.31,53.95,303.5,9.5,166.0,46.0,110.0,4.5,-5.5,92.5,32.0,27.5,23.5,18.0,12.5,31.0,27.0,24.0,19.0,13.0,7425.5,45.55,55.8,35.45,68.0
Washington,2007,282.0,2.885,47.239999999999995,282.0,37.0,173.0,71.0,119.0,6.0,-21.0,96.0,30.0,27.0,24.0,18.0,15.0,32.0,27.0,22.0,18.0,16.0,8045.0,42.7,54.1,31.3,171.10000000000002
Washington,2008,268.0,2.075,52.235,268.0,26.0,177.0,61.0,117.0,2.0,-20.0,95.0,30.0,28.0,23.0,20.0,12.0,32.0,27.0,24.0,18.0,9.0,7918.0,43.8,54.9,32.5,113.5
Washington,2009,258.0,1.87,42.67,258.0,33.0,171.0,69.0,117.0,4.0,-28.0,92.0,30.0,26.0,24.0,20.0,15.0,30.0,28.0,22.0,17.0,14.0,8247.0,42.9,54.6,31.9,83.65
Washington,2010,378.0,3.05,46.3,378.0,9.0,166.0,63.0,119.0,10.0,-9.0,95.0,30.0,25.0,21.0,19.0,14.0,31.0,28.0,18.0,14.0,13.0,7287.0,50.1,45.05,35.95,46.35
Washington,2011,288.5,4.66,58.82,288.5,26.5,159.5,70.0,115.0,2.5,-23.0,92.0,30.5,26.0,21.5,18.5,15.5,30.5,26.0,23.0,18.5,13.5,8257.5,54.1,34.650000000000006,290.0,44.4
Washington,2012,328.0,1.85,42.17,328.0,14.0,159.0,53.0,126.0,6.0,-17.0,92.0,31.0,26.0,23.0,16.0,14.0,31.0,26.0,23.0,20.0,3.0,7007.5,56.4,35.3,360.0,45.6
Washington,2013,328.5,1.58,42.66,328.5,20.5,178.5,73.0,114.0,1.5,-18.0,90.0,31.5,27.5,22.5,18.0,15.0,31.5,27.0,23.5,18.5,14.0,7880.5,52.85,33.349999999999994,300.0,43.3
Washington,2014,206.5,1.72,42.09,206.5,33.0,164.5,84.0,100.0,0.0,-18.0,88.5,29.5,27.5,23.0,19.0,13.0,31.5,26.5,21.0,18.0,10.5,8630.5,51.65,32.7,160.0,42.150000000000006
Washington,2015,271.0,2.3899999999999997,41.815,271.0,39.0,158.0,78.5,125.5,0.5,-22.5,90.0,31.5,26.0,20.0,19.0,14.0,30.5,25.5,22.0,16.5,15.0,8845.0,53.400000000000006,32.25,310.0,42.5
Washington,2016,264.0,2.08,41.0,264.0,16.0,172.0,58.0,118.0,1.0,-19.0,90.0,32.0,25.0,23.0,17.0,8.0,32.0,25.0,20.0,19.0,11.0,7439.5,54.8,34.1,170.0,44.5
Washington,2017,229.0,2.29,49.55,229.0,15.5,144.0,71.5,113.0,1.0,-17.5,90.0,30.0,24.5,19.5,17.5,11.5,32.0,26.0,18.5,12.0,12.0,7708.0,53.65,35.150000000000006,130.0,43.9
Washington,2018,366.0,1.84,41.04,366.0,16.5,177.0,71.5,121.5,6.5,-23.5,93.0,32.0,27.5,23.0,18.0,9.0,31.5,26.0,23.0,18.5,13.0,7798.5,53.3,34.2,300.0,43.55
Washington,2019,201.5,2.55,49.84,201.5,24.5,172.5,74.0,102.0,2.0,-12.5,91.5,30.5,26.0,22.0,14.0,11.5,32.0,26.5,20.0,19.5,15.0,8484.0,52.45,32.45,300.0,42.2
Windham,1990,504.0,4.42,60.815,504.0,2.0,159.0,23.5,133.5,10.5,-8.0,94.5,31.0,27.0,24.0,18.0,16.0,24.0,24.0,24.0,20.0,15.0,7612.0,47.4,59.599999999999994,36.9,65.1
Windham,1991,619.5,2.34,52.42,619.5,7.5,137.0,31.5,146.0,19.0,-8.5,98.5,31.5,27.5,22.5,17.5,10.5,30.0,27.0,20.5,20.0,15.5,6454.0,48.95,60.4,37.400000000000006,51.4
Windham,1992,356.5,2.03,43.42,356.5,6.5,156.5,37.0,122.0,5.0,-5.5,93.0,27.0,27.0,24.0,18.0,16.0,30.5,24.5,23.5,19.0,10.5,6642.0,46.05,56.849999999999994,35.25,55.6
Windham,1993,402.625,2.0,51.26,402.625,6.875,153.625,45.0,118.0,7.0,-6.375,95.0,28.25,27.0,22.5,18.0,16.0,30.625,25.125,23.625,19.0,11.625,6626.0,46.3375,56.7,35.4375,127.05
Windham,1994,487.1875,1.9,49.25,487.1875,7.5625,148.35416666666669,52.5,116.0,8.5,-7.979166666666667,95.5,30.541666666666664,27.0,19.75,18.0,16.0,30.854166666666664,26.270833333333336,23.854166666666664,19.0,13.6875,6596.666666666666,46.864583333333336,56.599999999999994,35.78125,116.9
Windham,1995,541.0,3.44,48.56,541.0,8.0,145.0,42.5,135.5,19.5,-9.0,100.0,32.0,27.0,18.0,18.0,16.0,31.0,27.0,24.0,19.0,15.0,6578.0,47.2,58.55,36.0,96.0
Windham,1996,455.0,3.71,56.34,455.0,19.0,163.0,45.0,134.0,13.0,-13.0,94.0,27.0,27.0,22.0,19.0,16.0,30.0,27.0,24.0,12.0,12.0,7041.0,46.6,58.6,34.6,82.6
Windham,1997,423.6666666666667,2.2,51.75,423.6666666666667,18.0,162.33333333333334,50.333333333333336,126.66666666666667,9.0,-13.666666666666666,93.0,28.666666666666668,27.333333333333332,22.333333333333332,19.333333333333332,16.0,28.0,26.0,24.0,14.666666666666666,13.0,7244.0,45.96666666666667,57.300000000000004,34.666666666666664,150.1
Windham,1998,392.3333333333333,2.47,56.63,392.3333333333333,17.0,161.66666666666666,55.666666666666664,119.33333333333333,5.0,-14.333333333333334,92.0,30.333333333333332,27.666666666666668,22.666666666666668,19.666666666666668,16.0,26.0,25.0,24.0,17.333333333333332,14.0,7447.0,45.333333333333336,56.0,34.733333333333334,82.7
Windham,2000,376.6666666666667,3.4450000000000003,59.480000000000004,376.6666666666667,16.5,161.33333333333334,58.33333333333333,115.66666666666667,3.0,-14.666666666666666,91.5,31.166666666666668,27.833333333333332,22.833333333333332,19.833333333333332,16.0,25.0,24.5,24.0,18.666666666666664,14.5,7548.5,45.016666666666666,55.35,34.766666666666666,125.2
Windham,2005,361.0,4.42,62.33,361.0,16.0,161.0,61.0,112.0,1.0,-15.0,91.0,32.0,28.0,23.0,20.0,16.0,24.0,24.0,24.0,20.0,15.0,7650.0,44.7,54.7,34.8,143.6
Windham,2006,263.0,2.53,66.89,263.0,4.0,155.0,37.0,100.0,2.0,-4.0,90.0,32.0,28.0,24.0,19.0,15.0,29.0,27.0,24.0,11.0,11.0,7218.0,46.1,55.4,36.8,68.8
Windham,2007,274.0,3.7,56.29,274.0,11.0,165.0,64.0,114.0,1.0,-12.0,90.0,32.0,24.0,24.0,18.0,15.0,32.0,28.0,18.0,18.0,13.0,7231.0,44.3,54.6,34.0,168.0
Windham,2008,181.0,2.73,69.59,181.0,8.0,163.0,55.0,102.0,1.0,-12.0,94.0,32.0,25.0,24.0,17.0,15.0,31.0,25.0,23.0,17.0,13.0,7496.0,44.3,54.5,34.2,153.4
Windham,2009,146.0,3.05,62.82,146.0,12.0,164.0,58.0,91.0,0.0,-8.0,87.0,31.0,27.0,23.0,17.0,13.0,29.0,27.0,20.0,20.0,13.0,7640.0,43.8,53.5,34.0,118.1
Windham,2010,368.0,3.85,64.97,368.0,5.0,156.0,55.0,112.0,5.0,-6.0,93.0,30.0,27.0,23.0,19.0,14.0,32.0,27.0,22.0,13.0,13.0,7016.0,51.1,46.2,36.4,81.15
Windham,2011,292.0,6.22,85.35,292.0,15.5,167.5,45.0,116.0,2.0,-16.0,92.0,31.5,26.0,22.5,20.0,10.0,31.5,26.5,23.5,20.0,13.5,7677.0,56.2,34.8,35.872727272727275,45.5
Windham,2012,300.8125,4.375,38.52,300.8125,19.125,175.25,40.3125,124.5625,1.8125,-15.3125,91.8125,32.0,24.75,24.0,19.4375,7.125,31.0,26.875,23.625,18.6875,12.1875,6468.0,54.58125,38.04375,35.21363636363636,53.69375000000001
Windham,2016,291.625,2.53,37.92,291.625,17.25,174.5,38.625,125.125,1.625,-13.625,91.625,32.0,25.5,24.0,18.875,8.25,31.0,25.75,23.25,17.375,12.375,6769.5,52.4625,42.4875,34.81818181818182,62.1875
Windham,2017,285.5,2.65,49.04,285.5,16.0,174.0,37.5,125.5,1.5,-12.5,91.5,32.0,26.0,24.0,18.5,9.0,31.0,25.0,23.0,16.5,12.5,7071.0,51.05,45.45,34.554545454545455,67.85
Windham,2018,279.375,1.91,50.67,279.375,14.75,173.5,36.375,125.875,1.375,-11.375,91.375,32.0,26.5,24.0,18.125,9.75,31.0,24.25,22.75,15.625,12.625,7372.5,49.6375,48.412499999999994,34.29090909090909,73.5125
Windham,2019,270.1875,2.5300000000000002,46.195,270.1875,12.875,172.75,34.6875,126.4375,1.1875,-9.6875,91.1875,32.0,27.25,24.0,17.5625,10.875,31.0,23.125,22.375,14.3125,12.8125,7824.75,47.51875,52.85625,33.89545454545454,82.00625
Windsor,1990,287.5,3.54,54.455,287.5,11.5,171.0,34.0,122.0,1.5,-13.0,91.0,31.0,28.0,24.0,17.5,14.0,30.5,25.0,20.5,16.0,13.0,8277.0,45.2,56.75,33.65,91.3
Windsor,1991,256.5,2.1550000000000002,43.625,256.5,25.0,183.5,46.0,134.0,4.0,-12.0,93.0,31.0,25.0,23.5,19.0,13.5,31.5,28.0,21.5,17.5,15.0,7304.5,44.900000000000006,57.15,32.650000000000006,53.95
Windsor,1992,129.0,1.89,42.57,129.0,25.0,189.0,51.5,102.5,0.5,-14.0,89.5,28.0,27.5,23.0,17.5,14.5,31.0,27.0,21.0,18.5,15.0,8166.0,41.900000000000006,53.45,30.25,42.0
Windsor,1993,235.5,1.78,41.89,235.5,37.0,190.0,57.0,110.0,4.0,-28.5,92.0,27.0,27.0,19.5,18.5,11.5,32.0,25.5,21.0,19.0,12.5,8512.0,42.45,54.55,30.35,114.1
Windsor,1994,290.0,1.89,43.97,290.0,42.0,185.0,59.0,108.0,2.0,-36.0,95.0,32.0,26.0,22.0,17.0,12.0,28.0,28.0,21.0,19.0,16.0,8494.5,42.6,55.0,30.3,90.9
Windsor,1995,373.0,2.725,38.515,373.0,15.0,182.0,62.0,118.0,11.0,-16.0,97.0,30.0,25.0,24.0,12.0,12.0,29.0,23.0,23.0,17.0,16.0,7598.0,43.9,55.8,32.0,73.3
Windsor,1996,266.0,3.43,54.27,266.0,26.0,186.0,58.0,116.0,0.0,-20.0,89.0,25.0,25.0,21.0,16.0,16.0,31.0,27.0,24.0,20.0,11.0,8270.0,43.7,55.0,32.4,97.9
Windsor,1997,228.5,2.0,44.42,228.5,14.5,185.5,49.0,109.5,5.5,-16.5,90.5,29.5,26.5,22.5,18.5,13.0,31.5,26.5,23.5,18.5,11.5,7667.0,43.3,54.95,31.65,120.1
Windsor,1998,348.0,2.73,46.575,348.0,11.0,165.0,27.5,131.0,2.0,-11.0,90.5,29.5,28.0,22.0,20.0,15.5,31.5,28.0,24.0,17.0,11.5,7166.5,47.15,58.5,35.849999999999994,60.25
Windsor,1999,474.0,5.335,40.485,474.0,25.0,173.0,43.0,133.0,15.0,-16.0,96.0,31.0,26.0,24.0,18.0,16.0,30.0,28.0,24.0,19.0,15.0,7078.0,46.2,58.5,33.9,71.7
Windsor,2000,221.0,2.34,48.75,221.0,31.0,161.0,52.0,116.0,1.0,-18.0,90.0,29.0,25.0,24.0,17.0,16.0,30.0,28.0,22.0,18.0,8.0,7124.0,43.6,55.2,32.4,80.95
Windsor,2005,562.0,2.86,49.71,562.0,24.5,164.0,59.0,124.5,6.0,-21.0,94.0,29.5,27.5,24.0,18.5,13.0,28.5,25.5,24.0,16.5,15.0,7548.5,45.599999999999994,56.75,34.5,90.4
Windsor,2006,404.0,2.57,55.39,404.0,5.0,161.0,34.0,114.0,7.0,-11.0,94.0,32.0,26.0,22.0,20.0,15.0,31.0,27.0,24.0,18.0,13.0,7043.0,46.9,57.5,36.4,36.95
Windsor,2007,372.0,2.245,45.66,372.0,28.0,181.0,64.0,127.0,8.0,-19.5,94.0,30.0,23.5,22.0,19.0,14.5,30.5,26.5,22.0,14.0,14.0,7434.0,44.0,55.8,32.0,114.15
Windsor,2008,292.5,2.39,54.625,292.5,12.5,179.5,49.0,125.0,5.0,-15.0,96.0,29.5,27.0,22.0,18.0,15.5,32.0,25.0,23.5,14.0,9.5,7575.5,44.55,56.2,32.3,111.3
Windsor,2009,269.0,2.23,47.24,269.0,30.0,176.0,59.0,117.0,2.0,-19.0,92.0,31.0,27.0,22.0,20.0,16.0,31.0,27.0,24.0,18.0,16.0,7825.0,43.9,55.6,32.1,69.9
Windsor,2010,491.5,3.32,47.5,491.5,7.5,171.0,51.0,126.5,12.5,-6.0,97.0,29.5,26.5,21.5,16.5,14.0,30.5,27.5,21.5,16.5,13.5,7154.0,52.2,47.0,35.7,46.599999999999994
Windsor,2011,450.0,4.54,55.48,450.0,26.0,162.0,54.0,125.0,7.0,-22.0,96.0,30.0,27.0,22.0,19.0,15.0,31.0,25.0,24.0,20.0,15.0,7981.0,57.1,34.5,260.0,45.7
Windsor,2012,479.0,2.085,38.96,479.0,9.0,164.0,31.0,136.0,12.0,-14.0,94.0,29.0,24.0,22.0,18.0,15.0,32.0,25.0,23.0,20.0,2.0,6534.0,59.4,36.4,260.0,47.9
Windsor,2013,484.0,1.89,42.59,484.0,16.5,176.0,51.0,125.5,10.5,-16.5,93.5,32.0,28.0,19.0,19.0,14.0,31.5,28.0,23.0,15.0,12.5,7306.0,56.35,33.8,260.0,45.1
Windsor,2014,263.5,2.29,45.425,263.5,40.5,174.0,64.5,119.0,1.5,-19.0,90.0,32.0,27.0,19.5,19.0,13.0,30.0,26.5,22.0,19.0,12.5,8235.0,55.0,32.0,270.0,43.400000000000006
Windsor,2015,440.5,1.7,37.7,440.5,42.0,166.0,65.0,132.0,4.0,-21.5,93.5,30.0,23.5,21.0,17.0,15.0,32.0,25.0,22.0,18.5,12.5,8235.5,57.0,31.9,260.0,44.35
Windsor,2016,463.0,2.12,37.315,463.0,14.0,171.0,35.0,129.0,7.0,-15.0,93.0,32.0,27.0,23.0,18.0,2.0,29.0,26.0,23.0,12.0,12.0,6641.0,58.4,34.8,270.0,46.85
Windsor,2017,367.0,2.2,51.125,367.0,16.0,159.0,49.0,135.0,6.0,-18.0,94.0,32.0,27.0,20.0,19.0,16.0,30.0,26.0,22.0,17.0,13.0,7072.0,57.0,34.4,270.0,45.8
Windsor,2018,559.5,1.58,47.02,559.5,15.5,170.5,48.5,129.5,15.0,-22.5,95.5,30.0,27.0,22.5,17.5,12.5,29.5,27.0,23.5,19.5,10.5,7437.0,56.1,35.05,270.0,45.5
Windsor,2019,359.0,2.33,47.3,359.0,24.0,170.5,57.0,121.0,3.0,-14.0,95.0,28.5,27.0,23.0,14.5,14.5,31.0,27.0,22.5,19.0,15.0,7760.0,55.6,32.6,280.0,43.9
